"REF_DATE","GEO","DGUID","Type of unit","UOM","UOM_ID","SCALAR_FACTOR","SCALAR_ID","VECTOR","COORDINATE","VALUE","STATUS","SYMBOL","TERMINATED","DECIMALS"
"1990-01","Montréal, Quebec","2011S0503462","Total units","Units","300","thousands","3","v52299974","8.1","29.701","","","","3"
"1990-01","Montréal, Quebec","2011S0503462","Single-detached units","Units","300","thousands","3","v52299975","8.2","19.389","","","","3"
"1990-01","Montréal, Quebec","2011S0503462","Multiples","Units","300","thousands","3","v52299976","8.3","10.312","","","","3"
"1990-02","Montréal, Quebec","2011S0503462","Total units","Units","300","thousands","3","v52299974","8.1","30.231","","","","3"
"1990-02","Montréal, Quebec","2011S0503462","Single-detached units","Units","300","thousands","3","v52299975","8.2","20.012","","","","3"
"1990-02","Montréal, Quebec","2011S0503462","Multiples","Units","300","thousands","3","v52299976","8.3","10.219","","","","3"
"1990-03","Montréal, Quebec","2011S0503462","Total units","Units","300","thousands","3","v52299974","8.1","30.332","","","","3"
"1990-03","Montréal, Quebec","2011S0503462","Single-detached units","Units","300","thousands","3","v52299975","8.2","17.118","","","","3"
"1990-03","Montréal, Quebec","2011S0503462","Multiples","Units","300","thousands","3","v52299976","8.3","13.214","","","","3"
"1990-04","Montréal, Quebec","2011S0503462","Total units","Units","300","thousands","3","v52299974","8.1","17.086","","","","3"
"1990-04","Montréal, Quebec","2011S0503462","Single-detached units","Units","300","thousands","3","v52299975","8.2","8.887","","","","3"
"1990-04","Montréal, Quebec","2011S0503462","Multiples","Units","300","thousands","3","v52299976","8.3","8.199","","","","3"
"1990-05","Montréal, Quebec","2011S0503462","Total units","Units","300","thousands","3","v52299974","8.1","23.700","","","","3"
"1990-05","Montréal, Quebec","2011S0503462","Single-detached units","Units","300","thousands","3","v52299975","8.2","9.025","","","","3"
"1990-05","Montréal, Quebec","2011S0503462","Multiples","Units","300","thousands","3","v52299976","8.3","14.675","","","","3"
"1990-06","Montréal, Quebec","2011S0503462","Total units","Units","300","thousands","3","v52299974","8.1","27.970","","","","3"
"1990-06","Montréal, Quebec","2011S0503462","Single-detached units","Units","300","thousands","3","v52299975","8.2","11.046","","","","3"
"1990-06","Montréal, Quebec","2011S0503462","Multiples","Units","300","thousands","3","v52299976","8.3","16.924","","","","3"
"1990-07","Montréal, Quebec","2011S0503462","Total units","Units","300","thousands","3","v52299974","8.1","23.496","","","","3"
"1990-07","Montréal, Quebec","2011S0503462","Single-detached units","Units","300","thousands","3","v52299975","8.2","10.770","","","","3"
"1990-07","Montréal, Quebec","2011S0503462","Multiples","Units","300","thousands","3","v52299976","8.3","12.726","","","","3"
"1990-08","Montréal, Quebec","2011S0503462","Total units","Units","300","thousands","3","v52299974","8.1","21.390","","","","3"
"1990-08","Montréal, Quebec","2011S0503462","Single-detached units","Units","300","thousands","3","v52299975","8.2","10.297","","","","3"
"1990-08","Montréal, Quebec","2011S0503462","Multiples","Units","300","thousands","3","v52299976","8.3","11.093","","","","3"
"1990-09","Montréal, Quebec","2011S0503462","Total units","Units","300","thousands","3","v52299974","8.1","12.183","","","","3"
"1990-09","Montréal, Quebec","2011S0503462","Single-detached units","Units","300","thousands","3","v52299975","8.2","6.416","","","","3"
"1990-09","Montréal, Quebec","2011S0503462","Multiples","Units","300","thousands","3","v52299976","8.3","5.767","","","","3"
"1990-10","Montréal, Quebec","2011S0503462","Total units","Units","300","thousands","3","v52299974","8.1","18.517","","","","3"
"1990-10","Montréal, Quebec","2011S0503462","Single-detached units","Units","300","thousands","3","v52299975","8.2","8.355","","","","3"
"1990-10","Montréal, Quebec","2011S0503462","Multiples","Units","300","thousands","3","v52299976","8.3","10.162","","","","3"
"1990-11","Montréal, Quebec","2011S0503462","Total units","Units","300","thousands","3","v52299974","8.1","15.174","","","","3"
"1990-11","Montréal, Quebec","2011S0503462","Single-detached units","Units","300","thousands","3","v52299975","8.2","7.395","","","","3"
"1990-11","Montréal, Quebec","2011S0503462","Multiples","Units","300","thousands","3","v52299976","8.3","7.779","","","","3"
"1990-12","Montréal, Quebec","2011S0503462","Total units","Units","300","thousands","3","v52299974","8.1","18.937","","","","3"
"1990-12","Montréal, Quebec","2011S0503462","Single-detached units","Units","300","thousands","3","v52299975","8.2","10.456","","","","3"
"1990-12","Montréal, Quebec","2011S0503462","Multiples","Units","300","thousands","3","v52299976","8.3","8.481","","","","3"
"1991-01","Montréal, Quebec","2011S0503462","Total units","Units","300","thousands","3","v52299974","8.1","13.345","","","","3"
"1991-01","Montréal, Quebec","2011S0503462","Single-detached units","Units","300","thousands","3","v52299975","8.2","7.443","","","","3"
"1991-01","Montréal, Quebec","2011S0503462","Multiples","Units","300","thousands","3","v52299976","8.3","5.902","","","","3"
"1991-02","Montréal, Quebec","2011S0503462","Total units","Units","300","thousands","3","v52299974","8.1","12.502","","","","3"
"1991-02","Montréal, Quebec","2011S0503462","Single-detached units","Units","300","thousands","3","v52299975","8.2","7.464","","","","3"
"1991-02","Montréal, Quebec","2011S0503462","Multiples","Units","300","thousands","3","v52299976","8.3","5.038","","","","3"
"1991-03","Montréal, Quebec","2011S0503462","Total units","Units","300","thousands","3","v52299974","8.1","14.147","","","","3"
"1991-03","Montréal, Quebec","2011S0503462","Single-detached units","Units","300","thousands","3","v52299975","8.2","8.083","","","","3"
"1991-03","Montréal, Quebec","2011S0503462","Multiples","Units","300","thousands","3","v52299976","8.3","6.064","","","","3"
"1991-04","Montréal, Quebec","2011S0503462","Total units","Units","300","thousands","3","v52299974","8.1","21.457","","","","3"
"1991-04","Montréal, Quebec","2011S0503462","Single-detached units","Units","300","thousands","3","v52299975","8.2","8.368","","","","3"
"1991-04","Montréal, Quebec","2011S0503462","Multiples","Units","300","thousands","3","v52299976","8.3","13.089","","","","3"
"1991-05","Montréal, Quebec","2011S0503462","Total units","Units","300","thousands","3","v52299974","8.1","19.459","","","","3"
"1991-05","Montréal, Quebec","2011S0503462","Single-detached units","Units","300","thousands","3","v52299975","8.2","8.796","","","","3"
"1991-05","Montréal, Quebec","2011S0503462","Multiples","Units","300","thousands","3","v52299976","8.3","10.663","","","","3"
"1991-06","Montréal, Quebec","2011S0503462","Total units","Units","300","thousands","3","v52299974","8.1","15.304","","","","3"
"1991-06","Montréal, Quebec","2011S0503462","Single-detached units","Units","300","thousands","3","v52299975","8.2","7.345","","","","3"
"1991-06","Montréal, Quebec","2011S0503462","Multiples","Units","300","thousands","3","v52299976","8.3","7.959","","","","3"
"1991-07","Montréal, Quebec","2011S0503462","Total units","Units","300","thousands","3","v52299974","8.1","19.810","","","","3"
"1991-07","Montréal, Quebec","2011S0503462","Single-detached units","Units","300","thousands","3","v52299975","8.2","8.137","","","","3"
"1991-07","Montréal, Quebec","2011S0503462","Multiples","Units","300","thousands","3","v52299976","8.3","11.673","","","","3"
"1991-08","Montréal, Quebec","2011S0503462","Total units","Units","300","thousands","3","v52299974","8.1","14.168","","","","3"
"1991-08","Montréal, Quebec","2011S0503462","Single-detached units","Units","300","thousands","3","v52299975","8.2","8.656","","","","3"
"1991-08","Montréal, Quebec","2011S0503462","Multiples","Units","300","thousands","3","v52299976","8.3","5.512","","","","3"
"1991-09","Montréal, Quebec","2011S0503462","Total units","Units","300","thousands","3","v52299974","8.1","17.077","","","","3"
"1991-09","Montréal, Quebec","2011S0503462","Single-detached units","Units","300","thousands","3","v52299975","8.2","9.792","","","","3"
"1991-09","Montréal, Quebec","2011S0503462","Multiples","Units","300","thousands","3","v52299976","8.3","7.285","","","","3"
"1991-10","Montréal, Quebec","2011S0503462","Total units","Units","300","thousands","3","v52299974","8.1","26.105","","","","3"
"1991-10","Montréal, Quebec","2011S0503462","Single-detached units","Units","300","thousands","3","v52299975","8.2","11.681","","","","3"
"1991-10","Montréal, Quebec","2011S0503462","Multiples","Units","300","thousands","3","v52299976","8.3","14.424","","","","3"
"1991-11","Montréal, Quebec","2011S0503462","Total units","Units","300","thousands","3","v52299974","8.1","19.935","","","","3"
"1991-11","Montréal, Quebec","2011S0503462","Single-detached units","Units","300","thousands","3","v52299975","8.2","9.658","","","","3"
"1991-11","Montréal, Quebec","2011S0503462","Multiples","Units","300","thousands","3","v52299976","8.3","10.277","","","","3"
"1991-12","Montréal, Quebec","2011S0503462","Total units","Units","300","thousands","3","v52299974","8.1","22.099","","","","3"
"1991-12","Montréal, Quebec","2011S0503462","Single-detached units","Units","300","thousands","3","v52299975","8.2","8.851","","","","3"
"1991-12","Montréal, Quebec","2011S0503462","Multiples","Units","300","thousands","3","v52299976","8.3","13.248","","","","3"
"1992-01","Montréal, Quebec","2011S0503462","Total units","Units","300","thousands","3","v52299974","8.1","22.193","","","","3"
"1992-01","Montréal, Quebec","2011S0503462","Single-detached units","Units","300","thousands","3","v52299975","8.2","11.746","","","","3"
"1992-01","Montréal, Quebec","2011S0503462","Multiples","Units","300","thousands","3","v52299976","8.3","10.447","","","","3"
"1992-02","Montréal, Quebec","2011S0503462","Total units","Units","300","thousands","3","v52299974","8.1","12.530","","","","3"
"1992-02","Montréal, Quebec","2011S0503462","Single-detached units","Units","300","thousands","3","v52299975","8.2","6.747","","","","3"
"1992-02","Montréal, Quebec","2011S0503462","Multiples","Units","300","thousands","3","v52299976","8.3","5.783","","","","3"
"1992-03","Montréal, Quebec","2011S0503462","Total units","Units","300","thousands","3","v52299974","8.1","10.613","","","","3"
"1992-03","Montréal, Quebec","2011S0503462","Single-detached units","Units","300","thousands","3","v52299975","8.2","6.260","","","","3"
"1992-03","Montréal, Quebec","2011S0503462","Multiples","Units","300","thousands","3","v52299976","8.3","4.353","","","","3"
"1992-04","Montréal, Quebec","2011S0503462","Total units","Units","300","thousands","3","v52299974","8.1","15.558","","","","3"
"1992-04","Montréal, Quebec","2011S0503462","Single-detached units","Units","300","thousands","3","v52299975","8.2","6.356","","","","3"
"1992-04","Montréal, Quebec","2011S0503462","Multiples","Units","300","thousands","3","v52299976","8.3","9.202","","","","3"
"1992-05","Montréal, Quebec","2011S0503462","Total units","Units","300","thousands","3","v52299974","8.1","15.194","","","","3"
"1992-05","Montréal, Quebec","2011S0503462","Single-detached units","Units","300","thousands","3","v52299975","8.2","6.104","","","","3"
"1992-05","Montréal, Quebec","2011S0503462","Multiples","Units","300","thousands","3","v52299976","8.3","9.090","","","","3"
"1992-06","Montréal, Quebec","2011S0503462","Total units","Units","300","thousands","3","v52299974","8.1","17.650","","","","3"
"1992-06","Montréal, Quebec","2011S0503462","Single-detached units","Units","300","thousands","3","v52299975","8.2","6.050","","","","3"
"1992-06","Montréal, Quebec","2011S0503462","Multiples","Units","300","thousands","3","v52299976","8.3","11.600","","","","3"
"1992-07","Montréal, Quebec","2011S0503462","Total units","Units","300","thousands","3","v52299974","8.1","14.256","","","","3"
"1992-07","Montréal, Quebec","2011S0503462","Single-detached units","Units","300","thousands","3","v52299975","8.2","6.178","","","","3"
"1992-07","Montréal, Quebec","2011S0503462","Multiples","Units","300","thousands","3","v52299976","8.3","8.078","","","","3"
"1992-08","Montréal, Quebec","2011S0503462","Total units","Units","300","thousands","3","v52299974","8.1","11.649","","","","3"
"1992-08","Montréal, Quebec","2011S0503462","Single-detached units","Units","300","thousands","3","v52299975","8.2","5.923","","","","3"
"1992-08","Montréal, Quebec","2011S0503462","Multiples","Units","300","thousands","3","v52299976","8.3","5.726","","","","3"
"1992-09","Montréal, Quebec","2011S0503462","Total units","Units","300","thousands","3","v52299974","8.1","15.855","","","","3"
"1992-09","Montréal, Quebec","2011S0503462","Single-detached units","Units","300","thousands","3","v52299975","8.2","6.101","","","","3"
"1992-09","Montréal, Quebec","2011S0503462","Multiples","Units","300","thousands","3","v52299976","8.3","9.754","","","","3"
"1992-10","Montréal, Quebec","2011S0503462","Total units","Units","300","thousands","3","v52299974","8.1","15.107","","","","3"
"1992-10","Montréal, Quebec","2011S0503462","Single-detached units","Units","300","thousands","3","v52299975","8.2","6.400","","","","3"
"1992-10","Montréal, Quebec","2011S0503462","Multiples","Units","300","thousands","3","v52299976","8.3","8.707","","","","3"
"1992-11","Montréal, Quebec","2011S0503462","Total units","Units","300","thousands","3","v52299974","8.1","14.560","","","","3"
"1992-11","Montréal, Quebec","2011S0503462","Single-detached units","Units","300","thousands","3","v52299975","8.2","6.800","","","","3"
"1992-11","Montréal, Quebec","2011S0503462","Multiples","Units","300","thousands","3","v52299976","8.3","7.760","","","","3"
"1992-12","Montréal, Quebec","2011S0503462","Total units","Units","300","thousands","3","v52299974","8.1","15.295","","","","3"
"1992-12","Montréal, Quebec","2011S0503462","Single-detached units","Units","300","thousands","3","v52299975","8.2","6.692","","","","3"
"1992-12","Montréal, Quebec","2011S0503462","Multiples","Units","300","thousands","3","v52299976","8.3","8.603","","","","3"
"1993-01","Montréal, Quebec","2011S0503462","Total units","Units","300","thousands","3","v52299974","8.1","14.474","","","","3"
"1993-01","Montréal, Quebec","2011S0503462","Single-detached units","Units","300","thousands","3","v52299975","8.2","5.974","","","","3"
"1993-01","Montréal, Quebec","2011S0503462","Multiples","Units","300","thousands","3","v52299976","8.3","8.500","","","","3"
"1993-02","Montréal, Quebec","2011S0503462","Total units","Units","300","thousands","3","v52299974","8.1","13.579","","","","3"
"1993-02","Montréal, Quebec","2011S0503462","Single-detached units","Units","300","thousands","3","v52299975","8.2","6.768","","","","3"
"1993-02","Montréal, Quebec","2011S0503462","Multiples","Units","300","thousands","3","v52299976","8.3","6.811","","","","3"
"1993-03","Montréal, Quebec","2011S0503462","Total units","Units","300","thousands","3","v52299974","8.1","13.828","","","","3"
"1993-03","Montréal, Quebec","2011S0503462","Single-detached units","Units","300","thousands","3","v52299975","8.2","7.175","","","","3"
"1993-03","Montréal, Quebec","2011S0503462","Multiples","Units","300","thousands","3","v52299976","8.3","6.653","","","","3"
"1993-04","Montréal, Quebec","2011S0503462","Total units","Units","300","thousands","3","v52299974","8.1","16.541","","","","3"
"1993-04","Montréal, Quebec","2011S0503462","Single-detached units","Units","300","thousands","3","v52299975","8.2","5.863","","","","3"
"1993-04","Montréal, Quebec","2011S0503462","Multiples","Units","300","thousands","3","v52299976","8.3","10.678","","","","3"
"1993-05","Montréal, Quebec","2011S0503462","Total units","Units","300","thousands","3","v52299974","8.1","13.486","","","","3"
"1993-05","Montréal, Quebec","2011S0503462","Single-detached units","Units","300","thousands","3","v52299975","8.2","5.816","","","","3"
"1993-05","Montréal, Quebec","2011S0503462","Multiples","Units","300","thousands","3","v52299976","8.3","7.670","","","","3"
"1993-06","Montréal, Quebec","2011S0503462","Total units","Units","300","thousands","3","v52299974","8.1","14.540","","","","3"
"1993-06","Montréal, Quebec","2011S0503462","Single-detached units","Units","300","thousands","3","v52299975","8.2","6.464","","","","3"
"1993-06","Montréal, Quebec","2011S0503462","Multiples","Units","300","thousands","3","v52299976","8.3","8.076","","","","3"
"1993-07","Montréal, Quebec","2011S0503462","Total units","Units","300","thousands","3","v52299974","8.1","15.332","","","","3"
"1993-07","Montréal, Quebec","2011S0503462","Single-detached units","Units","300","thousands","3","v52299975","8.2","5.579","","","","3"
"1993-07","Montréal, Quebec","2011S0503462","Multiples","Units","300","thousands","3","v52299976","8.3","9.753","","","","3"
"1993-08","Montréal, Quebec","2011S0503462","Total units","Units","300","thousands","3","v52299974","8.1","12.571","","","","3"
"1993-08","Montréal, Quebec","2011S0503462","Single-detached units","Units","300","thousands","3","v52299975","8.2","5.985","","","","3"
"1993-08","Montréal, Quebec","2011S0503462","Multiples","Units","300","thousands","3","v52299976","8.3","6.586","","","","3"
"1993-09","Montréal, Quebec","2011S0503462","Total units","Units","300","thousands","3","v52299974","8.1","14.546","","","","3"
"1993-09","Montréal, Quebec","2011S0503462","Single-detached units","Units","300","thousands","3","v52299975","8.2","5.520","","","","3"
"1993-09","Montréal, Quebec","2011S0503462","Multiples","Units","300","thousands","3","v52299976","8.3","9.026","","","","3"
"1993-10","Montréal, Quebec","2011S0503462","Total units","Units","300","thousands","3","v52299974","8.1","11.343","","","","3"
"1993-10","Montréal, Quebec","2011S0503462","Single-detached units","Units","300","thousands","3","v52299975","8.2","5.621","","","","3"
"1993-10","Montréal, Quebec","2011S0503462","Multiples","Units","300","thousands","3","v52299976","8.3","5.722","","","","3"
"1993-11","Montréal, Quebec","2011S0503462","Total units","Units","300","thousands","3","v52299974","8.1","12.640","","","","3"
"1993-11","Montréal, Quebec","2011S0503462","Single-detached units","Units","300","thousands","3","v52299975","8.2","5.633","","","","3"
"1993-11","Montréal, Quebec","2011S0503462","Multiples","Units","300","thousands","3","v52299976","8.3","7.007","","","","3"
"1993-12","Montréal, Quebec","2011S0503462","Total units","Units","300","thousands","3","v52299974","8.1","14.047","","","","3"
"1993-12","Montréal, Quebec","2011S0503462","Single-detached units","Units","300","thousands","3","v52299975","8.2","5.622","","","","3"
"1993-12","Montréal, Quebec","2011S0503462","Multiples","Units","300","thousands","3","v52299976","8.3","8.425","","","","3"
"1994-01","Montréal, Quebec","2011S0503462","Total units","Units","300","thousands","3","v52299974","8.1","13.205","","","","3"
"1994-01","Montréal, Quebec","2011S0503462","Single-detached units","Units","300","thousands","3","v52299975","8.2","7.914","","","","3"
"1994-01","Montréal, Quebec","2011S0503462","Multiples","Units","300","thousands","3","v52299976","8.3","5.291","","","","3"
"1994-02","Montréal, Quebec","2011S0503462","Total units","Units","300","thousands","3","v52299974","8.1","8.812","","","","3"
"1994-02","Montréal, Quebec","2011S0503462","Single-detached units","Units","300","thousands","3","v52299975","8.2","4.208","","","","3"
"1994-02","Montréal, Quebec","2011S0503462","Multiples","Units","300","thousands","3","v52299976","8.3","4.604","","","","3"
"1994-03","Montréal, Quebec","2011S0503462","Total units","Units","300","thousands","3","v52299974","8.1","14.353","","","","3"
"1994-03","Montréal, Quebec","2011S0503462","Single-detached units","Units","300","thousands","3","v52299975","8.2","6.710","","","","3"
"1994-03","Montréal, Quebec","2011S0503462","Multiples","Units","300","thousands","3","v52299976","8.3","7.643","","","","3"
"1994-04","Montréal, Quebec","2011S0503462","Total units","Units","300","thousands","3","v52299974","8.1","19.014","","","","3"
"1994-04","Montréal, Quebec","2011S0503462","Single-detached units","Units","300","thousands","3","v52299975","8.2","6.865","","","","3"
"1994-04","Montréal, Quebec","2011S0503462","Multiples","Units","300","thousands","3","v52299976","8.3","12.149","","","","3"
"1994-05","Montréal, Quebec","2011S0503462","Total units","Units","300","thousands","3","v52299974","8.1","18.441","","","","3"
"1994-05","Montréal, Quebec","2011S0503462","Single-detached units","Units","300","thousands","3","v52299975","8.2","6.562","","","","3"
"1994-05","Montréal, Quebec","2011S0503462","Multiples","Units","300","thousands","3","v52299976","8.3","11.879","","","","3"
"1994-06","Montréal, Quebec","2011S0503462","Total units","Units","300","thousands","3","v52299974","8.1","13.073","","","","3"
"1994-06","Montréal, Quebec","2011S0503462","Single-detached units","Units","300","thousands","3","v52299975","8.2","6.089","","","","3"
"1994-06","Montréal, Quebec","2011S0503462","Multiples","Units","300","thousands","3","v52299976","8.3","6.984","","","","3"
"1994-07","Montréal, Quebec","2011S0503462","Total units","Units","300","thousands","3","v52299974","8.1","14.256","","","","3"
"1994-07","Montréal, Quebec","2011S0503462","Single-detached units","Units","300","thousands","3","v52299975","8.2","6.696","","","","3"
"1994-07","Montréal, Quebec","2011S0503462","Multiples","Units","300","thousands","3","v52299976","8.3","7.560","","","","3"
"1994-08","Montréal, Quebec","2011S0503462","Total units","Units","300","thousands","3","v52299974","8.1","12.802","","","","3"
"1994-08","Montréal, Quebec","2011S0503462","Single-detached units","Units","300","thousands","3","v52299975","8.2","5.949","","","","3"
"1994-08","Montréal, Quebec","2011S0503462","Multiples","Units","300","thousands","3","v52299976","8.3","6.853","","","","3"
"1994-09","Montréal, Quebec","2011S0503462","Total units","Units","300","thousands","3","v52299974","8.1","10.488","","","","3"
"1994-09","Montréal, Quebec","2011S0503462","Single-detached units","Units","300","thousands","3","v52299975","8.2","5.943","","","","3"
"1994-09","Montréal, Quebec","2011S0503462","Multiples","Units","300","thousands","3","v52299976","8.3","4.545","","","","3"
"1994-10","Montréal, Quebec","2011S0503462","Total units","Units","300","thousands","3","v52299974","8.1","9.014","","","","3"
"1994-10","Montréal, Quebec","2011S0503462","Single-detached units","Units","300","thousands","3","v52299975","8.2","5.581","","","","3"
"1994-10","Montréal, Quebec","2011S0503462","Multiples","Units","300","thousands","3","v52299976","8.3","3.433","","","","3"
"1994-11","Montréal, Quebec","2011S0503462","Total units","Units","300","thousands","3","v52299974","8.1","9.912","","","","3"
"1994-11","Montréal, Quebec","2011S0503462","Single-detached units","Units","300","thousands","3","v52299975","8.2","4.668","","","","3"
"1994-11","Montréal, Quebec","2011S0503462","Multiples","Units","300","thousands","3","v52299976","8.3","5.244","","","","3"
"1994-12","Montréal, Quebec","2011S0503462","Total units","Units","300","thousands","3","v52299974","8.1","11.295","","","","3"
"1994-12","Montréal, Quebec","2011S0503462","Single-detached units","Units","300","thousands","3","v52299975","8.2","5.411","","","","3"
"1994-12","Montréal, Quebec","2011S0503462","Multiples","Units","300","thousands","3","v52299976","8.3","5.884","","","","3"
"1995-01","Montréal, Quebec","2011S0503462","Total units","Units","300","thousands","3","v52299974","8.1","11.209","","","","3"
"1995-01","Montréal, Quebec","2011S0503462","Single-detached units","Units","300","thousands","3","v52299975","8.2","5.744","","","","3"
"1995-01","Montréal, Quebec","2011S0503462","Multiples","Units","300","thousands","3","v52299976","8.3","5.465","","","","3"
"1995-02","Montréal, Quebec","2011S0503462","Total units","Units","300","thousands","3","v52299974","8.1","8.592","","","","3"
"1995-02","Montréal, Quebec","2011S0503462","Single-detached units","Units","300","thousands","3","v52299975","8.2","5.475","","","","3"
"1995-02","Montréal, Quebec","2011S0503462","Multiples","Units","300","thousands","3","v52299976","8.3","3.117","","","","3"
"1995-03","Montréal, Quebec","2011S0503462","Total units","Units","300","thousands","3","v52299974","8.1","7.120","","","","3"
"1995-03","Montréal, Quebec","2011S0503462","Single-detached units","Units","300","thousands","3","v52299975","8.2","4.312","","","","3"
"1995-03","Montréal, Quebec","2011S0503462","Multiples","Units","300","thousands","3","v52299976","8.3","2.808","","","","3"
"1995-04","Montréal, Quebec","2011S0503462","Total units","Units","300","thousands","3","v52299974","8.1","12.928","","","","3"
"1995-04","Montréal, Quebec","2011S0503462","Single-detached units","Units","300","thousands","3","v52299975","8.2","4.154","","","","3"
"1995-04","Montréal, Quebec","2011S0503462","Multiples","Units","300","thousands","3","v52299976","8.3","8.774","","","","3"
"1995-05","Montréal, Quebec","2011S0503462","Total units","Units","300","thousands","3","v52299974","8.1","8.475","","","","3"
"1995-05","Montréal, Quebec","2011S0503462","Single-detached units","Units","300","thousands","3","v52299975","8.2","3.606","","","","3"
"1995-05","Montréal, Quebec","2011S0503462","Multiples","Units","300","thousands","3","v52299976","8.3","4.869","","","","3"
"1995-06","Montréal, Quebec","2011S0503462","Total units","Units","300","thousands","3","v52299974","8.1","6.209","","","","3"
"1995-06","Montréal, Quebec","2011S0503462","Single-detached units","Units","300","thousands","3","v52299975","8.2","3.378","","","","3"
"1995-06","Montréal, Quebec","2011S0503462","Multiples","Units","300","thousands","3","v52299976","8.3","2.831","","","","3"
"1995-07","Montréal, Quebec","2011S0503462","Total units","Units","300","thousands","3","v52299974","8.1","6.726","","","","3"
"1995-07","Montréal, Quebec","2011S0503462","Single-detached units","Units","300","thousands","3","v52299975","8.2","3.567","","","","3"
"1995-07","Montréal, Quebec","2011S0503462","Multiples","Units","300","thousands","3","v52299976","8.3","3.159","","","","3"
"1995-08","Montréal, Quebec","2011S0503462","Total units","Units","300","thousands","3","v52299974","8.1","6.597","","","","3"
"1995-08","Montréal, Quebec","2011S0503462","Single-detached units","Units","300","thousands","3","v52299975","8.2","3.577","","","","3"
"1995-08","Montréal, Quebec","2011S0503462","Multiples","Units","300","thousands","3","v52299976","8.3","3.020","","","","3"
"1995-09","Montréal, Quebec","2011S0503462","Total units","Units","300","thousands","3","v52299974","8.1","5.253","","","","3"
"1995-09","Montréal, Quebec","2011S0503462","Single-detached units","Units","300","thousands","3","v52299975","8.2","3.570","","","","3"
"1995-09","Montréal, Quebec","2011S0503462","Multiples","Units","300","thousands","3","v52299976","8.3","1.683","","","","3"
"1995-10","Montréal, Quebec","2011S0503462","Total units","Units","300","thousands","3","v52299974","8.1","7.812","","","","3"
"1995-10","Montréal, Quebec","2011S0503462","Single-detached units","Units","300","thousands","3","v52299975","8.2","3.925","","","","3"
"1995-10","Montréal, Quebec","2011S0503462","Multiples","Units","300","thousands","3","v52299976","8.3","3.887","","","","3"
"1995-11","Montréal, Quebec","2011S0503462","Total units","Units","300","thousands","3","v52299974","8.1","5.595","","","","3"
"1995-11","Montréal, Quebec","2011S0503462","Single-detached units","Units","300","thousands","3","v52299975","8.2","3.341","","","","3"
"1995-11","Montréal, Quebec","2011S0503462","Multiples","Units","300","thousands","3","v52299976","8.3","2.254","","","","3"
"1995-12","Montréal, Quebec","2011S0503462","Total units","Units","300","thousands","3","v52299974","8.1","5.931","","","","3"
"1995-12","Montréal, Quebec","2011S0503462","Single-detached units","Units","300","thousands","3","v52299975","8.2","3.715","","","","3"
"1995-12","Montréal, Quebec","2011S0503462","Multiples","Units","300","thousands","3","v52299976","8.3","2.216","","","","3"
"1996-01","Montréal, Quebec","2011S0503462","Total units","Units","300","thousands","3","v52299974","8.1","5.315","","","","3"
"1996-01","Montréal, Quebec","2011S0503462","Single-detached units","Units","300","thousands","3","v52299975","8.2","3.015","","","","3"
"1996-01","Montréal, Quebec","2011S0503462","Multiples","Units","300","thousands","3","v52299976","8.3","2.300","","","","3"
"1996-02","Montréal, Quebec","2011S0503462","Total units","Units","300","thousands","3","v52299974","8.1","4.347","","","","3"
"1996-02","Montréal, Quebec","2011S0503462","Single-detached units","Units","300","thousands","3","v52299975","8.2","2.846","","","","3"
"1996-02","Montréal, Quebec","2011S0503462","Multiples","Units","300","thousands","3","v52299976","8.3","1.501","","","","3"
"1996-03","Montréal, Quebec","2011S0503462","Total units","Units","300","thousands","3","v52299974","8.1","6.533","","","","3"
"1996-03","Montréal, Quebec","2011S0503462","Single-detached units","Units","300","thousands","3","v52299975","8.2","2.992","","","","3"
"1996-03","Montréal, Quebec","2011S0503462","Multiples","Units","300","thousands","3","v52299976","8.3","3.541","","","","3"
"1996-04","Montréal, Quebec","2011S0503462","Total units","Units","300","thousands","3","v52299974","8.1","7.766","","","","3"
"1996-04","Montréal, Quebec","2011S0503462","Single-detached units","Units","300","thousands","3","v52299975","8.2","3.580","","","","3"
"1996-04","Montréal, Quebec","2011S0503462","Multiples","Units","300","thousands","3","v52299976","8.3","4.186","","","","3"
"1996-05","Montréal, Quebec","2011S0503462","Total units","Units","300","thousands","3","v52299974","8.1","10.472","","","","3"
"1996-05","Montréal, Quebec","2011S0503462","Single-detached units","Units","300","thousands","3","v52299975","8.2","3.953","","","","3"
"1996-05","Montréal, Quebec","2011S0503462","Multiples","Units","300","thousands","3","v52299976","8.3","6.519","","","","3"
"1996-06","Montréal, Quebec","2011S0503462","Total units","Units","300","thousands","3","v52299974","8.1","8.585","","","","3"
"1996-06","Montréal, Quebec","2011S0503462","Single-detached units","Units","300","thousands","3","v52299975","8.2","4.223","","","","3"
"1996-06","Montréal, Quebec","2011S0503462","Multiples","Units","300","thousands","3","v52299976","8.3","4.362","","","","3"
"1996-07","Montréal, Quebec","2011S0503462","Total units","Units","300","thousands","3","v52299974","8.1","6.275","","","","3"
"1996-07","Montréal, Quebec","2011S0503462","Single-detached units","Units","300","thousands","3","v52299975","8.2","3.524","","","","3"
"1996-07","Montréal, Quebec","2011S0503462","Multiples","Units","300","thousands","3","v52299976","8.3","2.751","","","","3"
"1996-08","Montréal, Quebec","2011S0503462","Total units","Units","300","thousands","3","v52299974","8.1","6.604","","","","3"
"1996-08","Montréal, Quebec","2011S0503462","Single-detached units","Units","300","thousands","3","v52299975","8.2","4.217","","","","3"
"1996-08","Montréal, Quebec","2011S0503462","Multiples","Units","300","thousands","3","v52299976","8.3","2.387","","","","3"
"1996-09","Montréal, Quebec","2011S0503462","Total units","Units","300","thousands","3","v52299974","8.1","7.346","","","","3"
"1996-09","Montréal, Quebec","2011S0503462","Single-detached units","Units","300","thousands","3","v52299975","8.2","4.027","","","","3"
"1996-09","Montréal, Quebec","2011S0503462","Multiples","Units","300","thousands","3","v52299976","8.3","3.319","","","","3"
"1996-10","Montréal, Quebec","2011S0503462","Total units","Units","300","thousands","3","v52299974","8.1","6.413","","","","3"
"1996-10","Montréal, Quebec","2011S0503462","Single-detached units","Units","300","thousands","3","v52299975","8.2","3.719","","","","3"
"1996-10","Montréal, Quebec","2011S0503462","Multiples","Units","300","thousands","3","v52299976","8.3","2.694","","","","3"
"1996-11","Montréal, Quebec","2011S0503462","Total units","Units","300","thousands","3","v52299974","8.1","10.271","","","","3"
"1996-11","Montréal, Quebec","2011S0503462","Single-detached units","Units","300","thousands","3","v52299975","8.2","4.123","","","","3"
"1996-11","Montréal, Quebec","2011S0503462","Multiples","Units","300","thousands","3","v52299976","8.3","6.148","","","","3"
"1996-12","Montréal, Quebec","2011S0503462","Total units","Units","300","thousands","3","v52299974","8.1","8.877","","","","3"
"1996-12","Montréal, Quebec","2011S0503462","Single-detached units","Units","300","thousands","3","v52299975","8.2","4.084","","","","3"
"1996-12","Montréal, Quebec","2011S0503462","Multiples","Units","300","thousands","3","v52299976","8.3","4.793","","","","3"
"1997-01","Montréal, Quebec","2011S0503462","Total units","Units","300","thousands","3","v52299974","8.1","9.571","","","","3"
"1997-01","Montréal, Quebec","2011S0503462","Single-detached units","Units","300","thousands","3","v52299975","8.2","5.090","","","","3"
"1997-01","Montréal, Quebec","2011S0503462","Multiples","Units","300","thousands","3","v52299976","8.3","4.481","","","","3"
"1997-02","Montréal, Quebec","2011S0503462","Total units","Units","300","thousands","3","v52299974","8.1","7.445","","","","3"
"1997-02","Montréal, Quebec","2011S0503462","Single-detached units","Units","300","thousands","3","v52299975","8.2","4.999","","","","3"
"1997-02","Montréal, Quebec","2011S0503462","Multiples","Units","300","thousands","3","v52299976","8.3","2.446","","","","3"
"1997-03","Montréal, Quebec","2011S0503462","Total units","Units","300","thousands","3","v52299974","8.1","11.905","","","","3"
"1997-03","Montréal, Quebec","2011S0503462","Single-detached units","Units","300","thousands","3","v52299975","8.2","5.332","","","","3"
"1997-03","Montréal, Quebec","2011S0503462","Multiples","Units","300","thousands","3","v52299976","8.3","6.573","","","","3"
"1997-04","Montréal, Quebec","2011S0503462","Total units","Units","300","thousands","3","v52299974","8.1","10.629","","","","3"
"1997-04","Montréal, Quebec","2011S0503462","Single-detached units","Units","300","thousands","3","v52299975","8.2","5.017","","","","3"
"1997-04","Montréal, Quebec","2011S0503462","Multiples","Units","300","thousands","3","v52299976","8.3","5.612","","","","3"
"1997-05","Montréal, Quebec","2011S0503462","Total units","Units","300","thousands","3","v52299974","8.1","12.154","","","","3"
"1997-05","Montréal, Quebec","2011S0503462","Single-detached units","Units","300","thousands","3","v52299975","8.2","5.463","","","","3"
"1997-05","Montréal, Quebec","2011S0503462","Multiples","Units","300","thousands","3","v52299976","8.3","6.691","","","","3"
"1997-06","Montréal, Quebec","2011S0503462","Total units","Units","300","thousands","3","v52299974","8.1","11.152","","","","3"
"1997-06","Montréal, Quebec","2011S0503462","Single-detached units","Units","300","thousands","3","v52299975","8.2","5.321","","","","3"
"1997-06","Montréal, Quebec","2011S0503462","Multiples","Units","300","thousands","3","v52299976","8.3","5.831","","","","3"
"1997-07","Montréal, Quebec","2011S0503462","Total units","Units","300","thousands","3","v52299974","8.1","11.126","","","","3"
"1997-07","Montréal, Quebec","2011S0503462","Single-detached units","Units","300","thousands","3","v52299975","8.2","5.751","","","","3"
"1997-07","Montréal, Quebec","2011S0503462","Multiples","Units","300","thousands","3","v52299976","8.3","5.375","","","","3"
"1997-08","Montréal, Quebec","2011S0503462","Total units","Units","300","thousands","3","v52299974","8.1","8.547","","","","3"
"1997-08","Montréal, Quebec","2011S0503462","Single-detached units","Units","300","thousands","3","v52299975","8.2","4.643","","","","3"
"1997-08","Montréal, Quebec","2011S0503462","Multiples","Units","300","thousands","3","v52299976","8.3","3.904","","","","3"
"1997-09","Montréal, Quebec","2011S0503462","Total units","Units","300","thousands","3","v52299974","8.1","10.588","","","","3"
"1997-09","Montréal, Quebec","2011S0503462","Single-detached units","Units","300","thousands","3","v52299975","8.2","5.309","","","","3"
"1997-09","Montréal, Quebec","2011S0503462","Multiples","Units","300","thousands","3","v52299976","8.3","5.279","","","","3"
"1997-10","Montréal, Quebec","2011S0503462","Total units","Units","300","thousands","3","v52299974","8.1","9.760","","","","3"
"1997-10","Montréal, Quebec","2011S0503462","Single-detached units","Units","300","thousands","3","v52299975","8.2","4.280","","","","3"
"1997-10","Montréal, Quebec","2011S0503462","Multiples","Units","300","thousands","3","v52299976","8.3","5.480","","","","3"
"1997-11","Montréal, Quebec","2011S0503462","Total units","Units","300","thousands","3","v52299974","8.1","10.299","","","","3"
"1997-11","Montréal, Quebec","2011S0503462","Single-detached units","Units","300","thousands","3","v52299975","8.2","5.578","","","","3"
"1997-11","Montréal, Quebec","2011S0503462","Multiples","Units","300","thousands","3","v52299976","8.3","4.721","","","","3"
"1997-12","Montréal, Quebec","2011S0503462","Total units","Units","300","thousands","3","v52299974","8.1","11.574","","","","3"
"1997-12","Montréal, Quebec","2011S0503462","Single-detached units","Units","300","thousands","3","v52299975","8.2","5.112","","","","3"
"1997-12","Montréal, Quebec","2011S0503462","Multiples","Units","300","thousands","3","v52299976","8.3","6.462","","","","3"
"1998-01","Montréal, Quebec","2011S0503462","Total units","Units","300","thousands","3","v52299974","8.1","7.428","","","","3"
"1998-01","Montréal, Quebec","2011S0503462","Single-detached units","Units","300","thousands","3","v52299975","8.2","4.627","","","","3"
"1998-01","Montréal, Quebec","2011S0503462","Multiples","Units","300","thousands","3","v52299976","8.3","2.801","","","","3"
"1998-02","Montréal, Quebec","2011S0503462","Total units","Units","300","thousands","3","v52299974","8.1","8.062","","","","3"
"1998-02","Montréal, Quebec","2011S0503462","Single-detached units","Units","300","thousands","3","v52299975","8.2","5.623","","","","3"
"1998-02","Montréal, Quebec","2011S0503462","Multiples","Units","300","thousands","3","v52299976","8.3","2.439","","","","3"
"1998-03","Montréal, Quebec","2011S0503462","Total units","Units","300","thousands","3","v52299974","8.1","9.328","","","","3"
"1998-03","Montréal, Quebec","2011S0503462","Single-detached units","Units","300","thousands","3","v52299975","8.2","5.675","","","","3"
"1998-03","Montréal, Quebec","2011S0503462","Multiples","Units","300","thousands","3","v52299976","8.3","3.653","","","","3"
"1998-04","Montréal, Quebec","2011S0503462","Total units","Units","300","thousands","3","v52299974","8.1","12.948","","","","3"
"1998-04","Montréal, Quebec","2011S0503462","Single-detached units","Units","300","thousands","3","v52299975","8.2","5.215","","","","3"
"1998-04","Montréal, Quebec","2011S0503462","Multiples","Units","300","thousands","3","v52299976","8.3","7.733","","","","3"
"1998-05","Montréal, Quebec","2011S0503462","Total units","Units","300","thousands","3","v52299974","8.1","10.093","","","","3"
"1998-05","Montréal, Quebec","2011S0503462","Single-detached units","Units","300","thousands","3","v52299975","8.2","5.608","","","","3"
"1998-05","Montréal, Quebec","2011S0503462","Multiples","Units","300","thousands","3","v52299976","8.3","4.485","","","","3"
"1998-06","Montréal, Quebec","2011S0503462","Total units","Units","300","thousands","3","v52299974","8.1","11.780","","","","3"
"1998-06","Montréal, Quebec","2011S0503462","Single-detached units","Units","300","thousands","3","v52299975","8.2","5.563","","","","3"
"1998-06","Montréal, Quebec","2011S0503462","Multiples","Units","300","thousands","3","v52299976","8.3","6.217","","","","3"
"1998-07","Montréal, Quebec","2011S0503462","Total units","Units","300","thousands","3","v52299974","8.1","8.076","","","","3"
"1998-07","Montréal, Quebec","2011S0503462","Single-detached units","Units","300","thousands","3","v52299975","8.2","5.180","","","","3"
"1998-07","Montréal, Quebec","2011S0503462","Multiples","Units","300","thousands","3","v52299976","8.3","2.896","","","","3"
"1998-08","Montréal, Quebec","2011S0503462","Total units","Units","300","thousands","3","v52299974","8.1","10.526","","","","3"
"1998-08","Montréal, Quebec","2011S0503462","Single-detached units","Units","300","thousands","3","v52299975","8.2","5.867","","","","3"
"1998-08","Montréal, Quebec","2011S0503462","Multiples","Units","300","thousands","3","v52299976","8.3","4.659","","","","3"
"1998-09","Montréal, Quebec","2011S0503462","Total units","Units","300","thousands","3","v52299974","8.1","8.530","","","","3"
"1998-09","Montréal, Quebec","2011S0503462","Single-detached units","Units","300","thousands","3","v52299975","8.2","5.322","","","","3"
"1998-09","Montréal, Quebec","2011S0503462","Multiples","Units","300","thousands","3","v52299976","8.3","3.208","","","","3"
"1998-10","Montréal, Quebec","2011S0503462","Total units","Units","300","thousands","3","v52299974","8.1","11.559","","","","3"
"1998-10","Montréal, Quebec","2011S0503462","Single-detached units","Units","300","thousands","3","v52299975","8.2","6.623","","","","3"
"1998-10","Montréal, Quebec","2011S0503462","Multiples","Units","300","thousands","3","v52299976","8.3","4.936","","","","3"
"1998-11","Montréal, Quebec","2011S0503462","Total units","Units","300","thousands","3","v52299974","8.1","11.222","","","","3"
"1998-11","Montréal, Quebec","2011S0503462","Single-detached units","Units","300","thousands","3","v52299975","8.2","5.875","","","","3"
"1998-11","Montréal, Quebec","2011S0503462","Multiples","Units","300","thousands","3","v52299976","8.3","5.347","","","","3"
"1998-12","Montréal, Quebec","2011S0503462","Total units","Units","300","thousands","3","v52299974","8.1","13.986","","","","3"
"1998-12","Montréal, Quebec","2011S0503462","Single-detached units","Units","300","thousands","3","v52299975","8.2","7.052","","","","3"
"1998-12","Montréal, Quebec","2011S0503462","Multiples","Units","300","thousands","3","v52299976","8.3","6.934","","","","3"
"1999-01","Montréal, Quebec","2011S0503462","Total units","Units","300","thousands","3","v52299974","8.1","13.803","","","","3"
"1999-01","Montréal, Quebec","2011S0503462","Single-detached units","Units","300","thousands","3","v52299975","8.2","6.300","","","","3"
"1999-01","Montréal, Quebec","2011S0503462","Multiples","Units","300","thousands","3","v52299976","8.3","7.503","","","","3"
"1999-02","Montréal, Quebec","2011S0503462","Total units","Units","300","thousands","3","v52299974","8.1","8.469","","","","3"
"1999-02","Montréal, Quebec","2011S0503462","Single-detached units","Units","300","thousands","3","v52299975","8.2","5.177","","","","3"
"1999-02","Montréal, Quebec","2011S0503462","Multiples","Units","300","thousands","3","v52299976","8.3","3.292","","","","3"
"1999-03","Montréal, Quebec","2011S0503462","Total units","Units","300","thousands","3","v52299974","8.1","9.559","","","","3"
"1999-03","Montréal, Quebec","2011S0503462","Single-detached units","Units","300","thousands","3","v52299975","8.2","2.860","","","","3"
"1999-03","Montréal, Quebec","2011S0503462","Multiples","Units","300","thousands","3","v52299976","8.3","6.699","","","","3"
"1999-04","Montréal, Quebec","2011S0503462","Total units","Units","300","thousands","3","v52299974","8.1","12.814","","","","3"
"1999-04","Montréal, Quebec","2011S0503462","Single-detached units","Units","300","thousands","3","v52299975","8.2","6.991","","","","3"
"1999-04","Montréal, Quebec","2011S0503462","Multiples","Units","300","thousands","3","v52299976","8.3","5.823","","","","3"
"1999-05","Montréal, Quebec","2011S0503462","Total units","Units","300","thousands","3","v52299974","8.1","11.665","","","","3"
"1999-05","Montréal, Quebec","2011S0503462","Single-detached units","Units","300","thousands","3","v52299975","8.2","6.651","","","","3"
"1999-05","Montréal, Quebec","2011S0503462","Multiples","Units","300","thousands","3","v52299976","8.3","5.014","","","","3"
"1999-06","Montréal, Quebec","2011S0503462","Total units","Units","300","thousands","3","v52299974","8.1","12.032","","","","3"
"1999-06","Montréal, Quebec","2011S0503462","Single-detached units","Units","300","thousands","3","v52299975","8.2","6.886","","","","3"
"1999-06","Montréal, Quebec","2011S0503462","Multiples","Units","300","thousands","3","v52299976","8.3","5.146","","","","3"
"1999-07","Montréal, Quebec","2011S0503462","Total units","Units","300","thousands","3","v52299974","8.1","10.766","","","","3"
"1999-07","Montréal, Quebec","2011S0503462","Single-detached units","Units","300","thousands","3","v52299975","8.2","7.279","","","","3"
"1999-07","Montréal, Quebec","2011S0503462","Multiples","Units","300","thousands","3","v52299976","8.3","3.487","","","","3"
"1999-08","Montréal, Quebec","2011S0503462","Total units","Units","300","thousands","3","v52299974","8.1","9.288","","","","3"
"1999-08","Montréal, Quebec","2011S0503462","Single-detached units","Units","300","thousands","3","v52299975","8.2","5.922","","","","3"
"1999-08","Montréal, Quebec","2011S0503462","Multiples","Units","300","thousands","3","v52299976","8.3","3.366","","","","3"
"1999-09","Montréal, Quebec","2011S0503462","Total units","Units","300","thousands","3","v52299974","8.1","18.899","","","","3"
"1999-09","Montréal, Quebec","2011S0503462","Single-detached units","Units","300","thousands","3","v52299975","8.2","7.944","","","","3"
"1999-09","Montréal, Quebec","2011S0503462","Multiples","Units","300","thousands","3","v52299976","8.3","10.955","","","","3"
"1999-10","Montréal, Quebec","2011S0503462","Total units","Units","300","thousands","3","v52299974","8.1","14.173","","","","3"
"1999-10","Montréal, Quebec","2011S0503462","Single-detached units","Units","300","thousands","3","v52299975","8.2","7.420","","","","3"
"1999-10","Montréal, Quebec","2011S0503462","Multiples","Units","300","thousands","3","v52299976","8.3","6.753","","","","3"
"1999-11","Montréal, Quebec","2011S0503462","Total units","Units","300","thousands","3","v52299974","8.1","12.721","","","","3"
"1999-11","Montréal, Quebec","2011S0503462","Single-detached units","Units","300","thousands","3","v52299975","8.2","7.231","","","","3"
"1999-11","Montréal, Quebec","2011S0503462","Multiples","Units","300","thousands","3","v52299976","8.3","5.490","","","","3"
"1999-12","Montréal, Quebec","2011S0503462","Total units","Units","300","thousands","3","v52299974","8.1","15.157","","","","3"
"1999-12","Montréal, Quebec","2011S0503462","Single-detached units","Units","300","thousands","3","v52299975","8.2","6.354","","","","3"
"1999-12","Montréal, Quebec","2011S0503462","Multiples","Units","300","thousands","3","v52299976","8.3","8.803","","","","3"
"2000-01","Montréal, Quebec","2011S0503462","Total units","Units","300","thousands","3","v52299974","8.1","9.957","","","","3"
"2000-01","Montréal, Quebec","2011S0503462","Single-detached units","Units","300","thousands","3","v52299975","8.2","6.787","","","","3"
"2000-01","Montréal, Quebec","2011S0503462","Multiples","Units","300","thousands","3","v52299976","8.3","3.170","","","","3"
"2000-02","Montréal, Quebec","2011S0503462","Total units","Units","300","thousands","3","v52299974","8.1","10.256","","","","3"
"2000-02","Montréal, Quebec","2011S0503462","Single-detached units","Units","300","thousands","3","v52299975","8.2","4.997","","","","3"
"2000-02","Montréal, Quebec","2011S0503462","Multiples","Units","300","thousands","3","v52299976","8.3","5.259","","","","3"
"2000-03","Montréal, Quebec","2011S0503462","Total units","Units","300","thousands","3","v52299974","8.1","12.733","","","","3"
"2000-03","Montréal, Quebec","2011S0503462","Single-detached units","Units","300","thousands","3","v52299975","8.2","8.162","","","","3"
"2000-03","Montréal, Quebec","2011S0503462","Multiples","Units","300","thousands","3","v52299976","8.3","4.571","","","","3"
"2000-04","Montréal, Quebec","2011S0503462","Total units","Units","300","thousands","3","v52299974","8.1","11.240","","","","3"
"2000-04","Montréal, Quebec","2011S0503462","Single-detached units","Units","300","thousands","3","v52299975","8.2","6.254","","","","3"
"2000-04","Montréal, Quebec","2011S0503462","Multiples","Units","300","thousands","3","v52299976","8.3","4.986","","","","3"
"2000-05","Montréal, Quebec","2011S0503462","Total units","Units","300","thousands","3","v52299974","8.1","12.066","","","","3"
"2000-05","Montréal, Quebec","2011S0503462","Single-detached units","Units","300","thousands","3","v52299975","8.2","6.719","","","","3"
"2000-05","Montréal, Quebec","2011S0503462","Multiples","Units","300","thousands","3","v52299976","8.3","5.347","","","","3"
"2000-06","Montréal, Quebec","2011S0503462","Total units","Units","300","thousands","3","v52299974","8.1","11.532","","","","3"
"2000-06","Montréal, Quebec","2011S0503462","Single-detached units","Units","300","thousands","3","v52299975","8.2","6.261","","","","3"
"2000-06","Montréal, Quebec","2011S0503462","Multiples","Units","300","thousands","3","v52299976","8.3","5.271","","","","3"
"2000-07","Montréal, Quebec","2011S0503462","Total units","Units","300","thousands","3","v52299974","8.1","13.733","","","","3"
"2000-07","Montréal, Quebec","2011S0503462","Single-detached units","Units","300","thousands","3","v52299975","8.2","6.506","","","","3"
"2000-07","Montréal, Quebec","2011S0503462","Multiples","Units","300","thousands","3","v52299976","8.3","7.227","","","","3"
"2000-08","Montréal, Quebec","2011S0503462","Total units","Units","300","thousands","3","v52299974","8.1","14.836","","","","3"
"2000-08","Montréal, Quebec","2011S0503462","Single-detached units","Units","300","thousands","3","v52299975","8.2","9.094","","","","3"
"2000-08","Montréal, Quebec","2011S0503462","Multiples","Units","300","thousands","3","v52299976","8.3","5.742","","","","3"
"2000-09","Montréal, Quebec","2011S0503462","Total units","Units","300","thousands","3","v52299974","8.1","16.089","","","","3"
"2000-09","Montréal, Quebec","2011S0503462","Single-detached units","Units","300","thousands","3","v52299975","8.2","5.879","","","","3"
"2000-09","Montréal, Quebec","2011S0503462","Multiples","Units","300","thousands","3","v52299976","8.3","10.210","","","","3"
"2000-10","Montréal, Quebec","2011S0503462","Total units","Units","300","thousands","3","v52299974","8.1","13.775","","","","3"
"2000-10","Montréal, Quebec","2011S0503462","Single-detached units","Units","300","thousands","3","v52299975","8.2","5.875","","","","3"
"2000-10","Montréal, Quebec","2011S0503462","Multiples","Units","300","thousands","3","v52299976","8.3","7.900","","","","3"
"2000-11","Montréal, Quebec","2011S0503462","Total units","Units","300","thousands","3","v52299974","8.1","16.982","","","","3"
"2000-11","Montréal, Quebec","2011S0503462","Single-detached units","Units","300","thousands","3","v52299975","8.2","8.632","","","","3"
"2000-11","Montréal, Quebec","2011S0503462","Multiples","Units","300","thousands","3","v52299976","8.3","8.350","","","","3"
"2000-12","Montréal, Quebec","2011S0503462","Total units","Units","300","thousands","3","v52299974","8.1","9.776","","","","3"
"2000-12","Montréal, Quebec","2011S0503462","Single-detached units","Units","300","thousands","3","v52299975","8.2","6.354","","","","3"
"2000-12","Montréal, Quebec","2011S0503462","Multiples","Units","300","thousands","3","v52299976","8.3","3.422","","","","3"
"2001-01","Montréal, Quebec","2011S0503462","Total units","Units","300","thousands","3","v52299974","8.1","10.582","","","","3"
"2001-01","Montréal, Quebec","2011S0503462","Single-detached units","Units","300","thousands","3","v52299975","8.2","6.977","","","","3"
"2001-01","Montréal, Quebec","2011S0503462","Multiples","Units","300","thousands","3","v52299976","8.3","3.605","","","","3"
"2001-02","Montréal, Quebec","2011S0503462","Total units","Units","300","thousands","3","v52299974","8.1","13.461","","","","3"
"2001-02","Montréal, Quebec","2011S0503462","Single-detached units","Units","300","thousands","3","v52299975","8.2","7.754","","","","3"
"2001-02","Montréal, Quebec","2011S0503462","Multiples","Units","300","thousands","3","v52299976","8.3","5.707","","","","3"
"2001-03","Montréal, Quebec","2011S0503462","Total units","Units","300","thousands","3","v52299974","8.1","11.837","","","","3"
"2001-03","Montréal, Quebec","2011S0503462","Single-detached units","Units","300","thousands","3","v52299975","8.2","6.698","","","","3"
"2001-03","Montréal, Quebec","2011S0503462","Multiples","Units","300","thousands","3","v52299976","8.3","5.139","","","","3"
"2001-04","Montréal, Quebec","2011S0503462","Total units","Units","300","thousands","3","v52299974","8.1","15.143","","","","3"
"2001-04","Montréal, Quebec","2011S0503462","Single-detached units","Units","300","thousands","3","v52299975","8.2","8.330","","","","3"
"2001-04","Montréal, Quebec","2011S0503462","Multiples","Units","300","thousands","3","v52299976","8.3","6.813","","","","3"
"2001-05","Montréal, Quebec","2011S0503462","Total units","Units","300","thousands","3","v52299974","8.1","11.374","","","","3"
"2001-05","Montréal, Quebec","2011S0503462","Single-detached units","Units","300","thousands","3","v52299975","8.2","6.254","","","","3"
"2001-05","Montréal, Quebec","2011S0503462","Multiples","Units","300","thousands","3","v52299976","8.3","5.120","","","","3"
"2001-06","Montréal, Quebec","2011S0503462","Total units","Units","300","thousands","3","v52299974","8.1","12.994","","","","3"
"2001-06","Montréal, Quebec","2011S0503462","Single-detached units","Units","300","thousands","3","v52299975","8.2","6.370","","","","3"
"2001-06","Montréal, Quebec","2011S0503462","Multiples","Units","300","thousands","3","v52299976","8.3","6.624","","","","3"
"2001-07","Montréal, Quebec","2011S0503462","Total units","Units","300","thousands","3","v52299974","8.1","13.210","","","","3"
"2001-07","Montréal, Quebec","2011S0503462","Single-detached units","Units","300","thousands","3","v52299975","8.2","6.677","","","","3"
"2001-07","Montréal, Quebec","2011S0503462","Multiples","Units","300","thousands","3","v52299976","8.3","6.533","","","","3"
"2001-08","Montréal, Quebec","2011S0503462","Total units","Units","300","thousands","3","v52299974","8.1","10.284","","","","3"
"2001-08","Montréal, Quebec","2011S0503462","Single-detached units","Units","300","thousands","3","v52299975","8.2","6.672","","","","3"
"2001-08","Montréal, Quebec","2011S0503462","Multiples","Units","300","thousands","3","v52299976","8.3","3.612","","","","3"
"2001-09","Montréal, Quebec","2011S0503462","Total units","Units","300","thousands","3","v52299974","8.1","10.947","","","","3"
"2001-09","Montréal, Quebec","2011S0503462","Single-detached units","Units","300","thousands","3","v52299975","8.2","6.858","","","","3"
"2001-09","Montréal, Quebec","2011S0503462","Multiples","Units","300","thousands","3","v52299976","8.3","4.089","","","","3"
"2001-10","Montréal, Quebec","2011S0503462","Total units","Units","300","thousands","3","v52299974","8.1","13.413","","","","3"
"2001-10","Montréal, Quebec","2011S0503462","Single-detached units","Units","300","thousands","3","v52299975","8.2","6.961","","","","3"
"2001-10","Montréal, Quebec","2011S0503462","Multiples","Units","300","thousands","3","v52299976","8.3","6.452","","","","3"
"2001-11","Montréal, Quebec","2011S0503462","Total units","Units","300","thousands","3","v52299974","8.1","14.018","","","","3"
"2001-11","Montréal, Quebec","2011S0503462","Single-detached units","Units","300","thousands","3","v52299975","8.2","6.133","","","","3"
"2001-11","Montréal, Quebec","2011S0503462","Multiples","Units","300","thousands","3","v52299976","8.3","7.885","","","","3"
"2001-12","Montréal, Quebec","2011S0503462","Total units","Units","300","thousands","3","v52299974","8.1","21.526","","","","3"
"2001-12","Montréal, Quebec","2011S0503462","Single-detached units","Units","300","thousands","3","v52299975","8.2","10.332","","","","3"
"2001-12","Montréal, Quebec","2011S0503462","Multiples","Units","300","thousands","3","v52299976","8.3","11.194","","","","3"
"2002-01","Montréal, Quebec","2011S0503462","Total units","Units","300","thousands","3","v52299974","8.1","20.371","","","","3"
"2002-01","Montréal, Quebec","2011S0503462","Single-detached units","Units","300","thousands","3","v52299975","8.2","10.219","","","","3"
"2002-01","Montréal, Quebec","2011S0503462","Multiples","Units","300","thousands","3","v52299976","8.3","10.152","","","","3"
"2002-02","Montréal, Quebec","2011S0503462","Total units","Units","300","thousands","3","v52299974","8.1","18.218","","","","3"
"2002-02","Montréal, Quebec","2011S0503462","Single-detached units","Units","300","thousands","3","v52299975","8.2","11.013","","","","3"
"2002-02","Montréal, Quebec","2011S0503462","Multiples","Units","300","thousands","3","v52299976","8.3","7.205","","","","3"
"2002-03","Montréal, Quebec","2011S0503462","Total units","Units","300","thousands","3","v52299974","8.1","16.563","","","","3"
"2002-03","Montréal, Quebec","2011S0503462","Single-detached units","Units","300","thousands","3","v52299975","8.2","10.892","","","","3"
"2002-03","Montréal, Quebec","2011S0503462","Multiples","Units","300","thousands","3","v52299976","8.3","5.671","","","","3"
"2002-04","Montréal, Quebec","2011S0503462","Total units","Units","300","thousands","3","v52299974","8.1","21.984","","","","3"
"2002-04","Montréal, Quebec","2011S0503462","Single-detached units","Units","300","thousands","3","v52299975","8.2","10.548","","","","3"
"2002-04","Montréal, Quebec","2011S0503462","Multiples","Units","300","thousands","3","v52299976","8.3","11.436","","","","3"
"2002-05","Montréal, Quebec","2011S0503462","Total units","Units","300","thousands","3","v52299974","8.1","16.866","","","","3"
"2002-05","Montréal, Quebec","2011S0503462","Single-detached units","Units","300","thousands","3","v52299975","8.2","9.707","","","","3"
"2002-05","Montréal, Quebec","2011S0503462","Multiples","Units","300","thousands","3","v52299976","8.3","7.159","","","","3"
"2002-06","Montréal, Quebec","2011S0503462","Total units","Units","300","thousands","3","v52299974","8.1","23.187","","","","3"
"2002-06","Montréal, Quebec","2011S0503462","Single-detached units","Units","300","thousands","3","v52299975","8.2","10.162","","","","3"
"2002-06","Montréal, Quebec","2011S0503462","Multiples","Units","300","thousands","3","v52299976","8.3","13.025","","","","3"
"2002-07","Montréal, Quebec","2011S0503462","Total units","Units","300","thousands","3","v52299974","8.1","18.432","","","","3"
"2002-07","Montréal, Quebec","2011S0503462","Single-detached units","Units","300","thousands","3","v52299975","8.2","9.140","","","","3"
"2002-07","Montréal, Quebec","2011S0503462","Multiples","Units","300","thousands","3","v52299976","8.3","9.292","","","","3"
"2002-08","Montréal, Quebec","2011S0503462","Total units","Units","300","thousands","3","v52299974","8.1","22.205","","","","3"
"2002-08","Montréal, Quebec","2011S0503462","Single-detached units","Units","300","thousands","3","v52299975","8.2","11.916","","","","3"
"2002-08","Montréal, Quebec","2011S0503462","Multiples","Units","300","thousands","3","v52299976","8.3","10.289","","","","3"
"2002-09","Montréal, Quebec","2011S0503462","Total units","Units","300","thousands","3","v52299974","8.1","22.470","","","","3"
"2002-09","Montréal, Quebec","2011S0503462","Single-detached units","Units","300","thousands","3","v52299975","8.2","10.283","","","","3"
"2002-09","Montréal, Quebec","2011S0503462","Multiples","Units","300","thousands","3","v52299976","8.3","12.187","","","","3"
"2002-10","Montréal, Quebec","2011S0503462","Total units","Units","300","thousands","3","v52299974","8.1","22.769","","","","3"
"2002-10","Montréal, Quebec","2011S0503462","Single-detached units","Units","300","thousands","3","v52299975","8.2","10.292","","","","3"
"2002-10","Montréal, Quebec","2011S0503462","Multiples","Units","300","thousands","3","v52299976","8.3","12.477","","","","3"
"2002-11","Montréal, Quebec","2011S0503462","Total units","Units","300","thousands","3","v52299974","8.1","21.984","","","","3"
"2002-11","Montréal, Quebec","2011S0503462","Single-detached units","Units","300","thousands","3","v52299975","8.2","10.244","","","","3"
"2002-11","Montréal, Quebec","2011S0503462","Multiples","Units","300","thousands","3","v52299976","8.3","11.740","","","","3"
"2002-12","Montréal, Quebec","2011S0503462","Total units","Units","300","thousands","3","v52299974","8.1","22.092","","","","3"
"2002-12","Montréal, Quebec","2011S0503462","Single-detached units","Units","300","thousands","3","v52299975","8.2","10.795","","","","3"
"2002-12","Montréal, Quebec","2011S0503462","Multiples","Units","300","thousands","3","v52299976","8.3","11.297","","","","3"
"2003-01","Montréal, Quebec","2011S0503462","Total units","Units","300","thousands","3","v52299974","8.1","23.756","","","","3"
"2003-01","Montréal, Quebec","2011S0503462","Single-detached units","Units","300","thousands","3","v52299975","8.2","10.414","","","","3"
"2003-01","Montréal, Quebec","2011S0503462","Multiples","Units","300","thousands","3","v52299976","8.3","13.342","","","","3"
"2003-02","Montréal, Quebec","2011S0503462","Total units","Units","300","thousands","3","v52299974","8.1","18.094","","","","3"
"2003-02","Montréal, Quebec","2011S0503462","Single-detached units","Units","300","thousands","3","v52299975","8.2","10.239","","","","3"
"2003-02","Montréal, Quebec","2011S0503462","Multiples","Units","300","thousands","3","v52299976","8.3","7.855","","","","3"
"2003-03","Montréal, Quebec","2011S0503462","Total units","Units","300","thousands","3","v52299974","8.1","14.861","","","","3"
"2003-03","Montréal, Quebec","2011S0503462","Single-detached units","Units","300","thousands","3","v52299975","8.2","9.574","","","","3"
"2003-03","Montréal, Quebec","2011S0503462","Multiples","Units","300","thousands","3","v52299976","8.3","5.287","","","","3"
"2003-04","Montréal, Quebec","2011S0503462","Total units","Units","300","thousands","3","v52299974","8.1","21.628","","","","3"
"2003-04","Montréal, Quebec","2011S0503462","Single-detached units","Units","300","thousands","3","v52299975","8.2","9.595","","","","3"
"2003-04","Montréal, Quebec","2011S0503462","Multiples","Units","300","thousands","3","v52299976","8.3","12.033","","","","3"
"2003-05","Montréal, Quebec","2011S0503462","Total units","Units","300","thousands","3","v52299974","8.1","23.827","","","","3"
"2003-05","Montréal, Quebec","2011S0503462","Single-detached units","Units","300","thousands","3","v52299975","8.2","9.603","","","","3"
"2003-05","Montréal, Quebec","2011S0503462","Multiples","Units","300","thousands","3","v52299976","8.3","14.224","","","","3"
"2003-06","Montréal, Quebec","2011S0503462","Total units","Units","300","thousands","3","v52299974","8.1","21.919","","","","3"
"2003-06","Montréal, Quebec","2011S0503462","Single-detached units","Units","300","thousands","3","v52299975","8.2","10.030","","","","3"
"2003-06","Montréal, Quebec","2011S0503462","Multiples","Units","300","thousands","3","v52299976","8.3","11.889","","","","3"
"2003-07","Montréal, Quebec","2011S0503462","Total units","Units","300","thousands","3","v52299974","8.1","24.302","","","","3"
"2003-07","Montréal, Quebec","2011S0503462","Single-detached units","Units","300","thousands","3","v52299975","8.2","11.067","","","","3"
"2003-07","Montréal, Quebec","2011S0503462","Multiples","Units","300","thousands","3","v52299976","8.3","13.235","","","","3"
"2003-08","Montréal, Quebec","2011S0503462","Total units","Units","300","thousands","3","v52299974","8.1","30.748","","","","3"
"2003-08","Montréal, Quebec","2011S0503462","Single-detached units","Units","300","thousands","3","v52299975","8.2","10.635","","","","3"
"2003-08","Montréal, Quebec","2011S0503462","Multiples","Units","300","thousands","3","v52299976","8.3","20.113","","","","3"
"2003-09","Montréal, Quebec","2011S0503462","Total units","Units","300","thousands","3","v52299974","8.1","27.447","","","","3"
"2003-09","Montréal, Quebec","2011S0503462","Single-detached units","Units","300","thousands","3","v52299975","8.2","11.348","","","","3"
"2003-09","Montréal, Quebec","2011S0503462","Multiples","Units","300","thousands","3","v52299976","8.3","16.099","","","","3"
"2003-10","Montréal, Quebec","2011S0503462","Total units","Units","300","thousands","3","v52299974","8.1","28.619","","","","3"
"2003-10","Montréal, Quebec","2011S0503462","Single-detached units","Units","300","thousands","3","v52299975","8.2","9.965","","","","3"
"2003-10","Montréal, Quebec","2011S0503462","Multiples","Units","300","thousands","3","v52299976","8.3","18.654","","","","3"
"2003-11","Montréal, Quebec","2011S0503462","Total units","Units","300","thousands","3","v52299974","8.1","30.338","","","","3"
"2003-11","Montréal, Quebec","2011S0503462","Single-detached units","Units","300","thousands","3","v52299975","8.2","10.799","","","","3"
"2003-11","Montréal, Quebec","2011S0503462","Multiples","Units","300","thousands","3","v52299976","8.3","19.539","","","","3"
"2003-12","Montréal, Quebec","2011S0503462","Total units","Units","300","thousands","3","v52299974","8.1","27.501","","","","3"
"2003-12","Montréal, Quebec","2011S0503462","Single-detached units","Units","300","thousands","3","v52299975","8.2","12.234","","","","3"
"2003-12","Montréal, Quebec","2011S0503462","Multiples","Units","300","thousands","3","v52299976","8.3","15.267","","","","3"
"2004-01","Montréal, Quebec","2011S0503462","Total units","Units","300","thousands","3","v52299974","8.1","22.342","","","","3"
"2004-01","Montréal, Quebec","2011S0503462","Single-detached units","Units","300","thousands","3","v52299975","8.2","9.374","","","","3"
"2004-01","Montréal, Quebec","2011S0503462","Multiples","Units","300","thousands","3","v52299976","8.3","12.968","","","","3"
"2004-02","Montréal, Quebec","2011S0503462","Total units","Units","300","thousands","3","v52299974","8.1","20.744","","","","3"
"2004-02","Montréal, Quebec","2011S0503462","Single-detached units","Units","300","thousands","3","v52299975","8.2","9.409","","","","3"
"2004-02","Montréal, Quebec","2011S0503462","Multiples","Units","300","thousands","3","v52299976","8.3","11.335","","","","3"
"2004-03","Montréal, Quebec","2011S0503462","Total units","Units","300","thousands","3","v52299974","8.1","30.043","","","","3"
"2004-03","Montréal, Quebec","2011S0503462","Single-detached units","Units","300","thousands","3","v52299975","8.2","11.046","","","","3"
"2004-03","Montréal, Quebec","2011S0503462","Multiples","Units","300","thousands","3","v52299976","8.3","18.997","","","","3"
"2004-04","Montréal, Quebec","2011S0503462","Total units","Units","300","thousands","3","v52299974","8.1","34.877","","","","3"
"2004-04","Montréal, Quebec","2011S0503462","Single-detached units","Units","300","thousands","3","v52299975","8.2","10.854","","","","3"
"2004-04","Montréal, Quebec","2011S0503462","Multiples","Units","300","thousands","3","v52299976","8.3","24.023","","","","3"
"2004-05","Montréal, Quebec","2011S0503462","Total units","Units","300","thousands","3","v52299974","8.1","36.109","","","","3"
"2004-05","Montréal, Quebec","2011S0503462","Single-detached units","Units","300","thousands","3","v52299975","8.2","11.273","","","","3"
"2004-05","Montréal, Quebec","2011S0503462","Multiples","Units","300","thousands","3","v52299976","8.3","24.836","","","","3"
"2004-06","Montréal, Quebec","2011S0503462","Total units","Units","300","thousands","3","v52299974","8.1","27.880","","","","3"
"2004-06","Montréal, Quebec","2011S0503462","Single-detached units","Units","300","thousands","3","v52299975","8.2","11.135","","","","3"
"2004-06","Montréal, Quebec","2011S0503462","Multiples","Units","300","thousands","3","v52299976","8.3","16.745","","","","3"
"2004-07","Montréal, Quebec","2011S0503462","Total units","Units","300","thousands","3","v52299974","8.1","25.426","","","","3"
"2004-07","Montréal, Quebec","2011S0503462","Single-detached units","Units","300","thousands","3","v52299975","8.2","10.910","","","","3"
"2004-07","Montréal, Quebec","2011S0503462","Multiples","Units","300","thousands","3","v52299976","8.3","14.516","","","","3"
"2004-08","Montréal, Quebec","2011S0503462","Total units","Units","300","thousands","3","v52299974","8.1","30.707","","","","3"
"2004-08","Montréal, Quebec","2011S0503462","Single-detached units","Units","300","thousands","3","v52299975","8.2","10.309","","","","3"
"2004-08","Montréal, Quebec","2011S0503462","Multiples","Units","300","thousands","3","v52299976","8.3","20.398","","","","3"
"2004-09","Montréal, Quebec","2011S0503462","Total units","Units","300","thousands","3","v52299974","8.1","24.522","","","","3"
"2004-09","Montréal, Quebec","2011S0503462","Single-detached units","Units","300","thousands","3","v52299975","8.2","10.332","","","","3"
"2004-09","Montréal, Quebec","2011S0503462","Multiples","Units","300","thousands","3","v52299976","8.3","14.190","","","","3"
"2004-10","Montréal, Quebec","2011S0503462","Total units","Units","300","thousands","3","v52299974","8.1","27.501","","","","3"
"2004-10","Montréal, Quebec","2011S0503462","Single-detached units","Units","300","thousands","3","v52299975","8.2","10.512","","","","3"
"2004-10","Montréal, Quebec","2011S0503462","Multiples","Units","300","thousands","3","v52299976","8.3","16.989","","","","3"
"2004-11","Montréal, Quebec","2011S0503462","Total units","Units","300","thousands","3","v52299974","8.1","36.033","","","","3"
"2004-11","Montréal, Quebec","2011S0503462","Single-detached units","Units","300","thousands","3","v52299975","8.2","9.977","","","","3"
"2004-11","Montréal, Quebec","2011S0503462","Multiples","Units","300","thousands","3","v52299976","8.3","26.056","","","","3"
"2004-12","Montréal, Quebec","2011S0503462","Total units","Units","300","thousands","3","v52299974","8.1","25.750","","","","3"
"2004-12","Montréal, Quebec","2011S0503462","Single-detached units","Units","300","thousands","3","v52299975","8.2","9.029","","","","3"
"2004-12","Montréal, Quebec","2011S0503462","Multiples","Units","300","thousands","3","v52299976","8.3","16.721","","","","3"
"2005-01","Montréal, Quebec","2011S0503462","Total units","Units","300","thousands","3","v52299974","8.1","21.177","","","","3"
"2005-01","Montréal, Quebec","2011S0503462","Single-detached units","Units","300","thousands","3","v52299975","8.2","9.105","","","","3"
"2005-01","Montréal, Quebec","2011S0503462","Multiples","Units","300","thousands","3","v52299976","8.3","12.072","","","","3"
"2005-02","Montréal, Quebec","2011S0503462","Total units","Units","300","thousands","3","v52299974","8.1","21.801","","","","3"
"2005-02","Montréal, Quebec","2011S0503462","Single-detached units","Units","300","thousands","3","v52299975","8.2","9.451","","","","3"
"2005-02","Montréal, Quebec","2011S0503462","Multiples","Units","300","thousands","3","v52299976","8.3","12.350","","","","3"
"2005-03","Montréal, Quebec","2011S0503462","Total units","Units","300","thousands","3","v52299974","8.1","17.719","","","","3"
"2005-03","Montréal, Quebec","2011S0503462","Single-detached units","Units","300","thousands","3","v52299975","8.2","8.686","","","","3"
"2005-03","Montréal, Quebec","2011S0503462","Multiples","Units","300","thousands","3","v52299976","8.3","9.033","","","","3"
"2005-04","Montréal, Quebec","2011S0503462","Total units","Units","300","thousands","3","v52299974","8.1","34.064","","","","3"
"2005-04","Montréal, Quebec","2011S0503462","Single-detached units","Units","300","thousands","3","v52299975","8.2","8.582","","","","3"
"2005-04","Montréal, Quebec","2011S0503462","Multiples","Units","300","thousands","3","v52299976","8.3","25.482","","","","3"
"2005-05","Montréal, Quebec","2011S0503462","Total units","Units","300","thousands","3","v52299974","8.1","23.544","","","","3"
"2005-05","Montréal, Quebec","2011S0503462","Single-detached units","Units","300","thousands","3","v52299975","8.2","8.380","","","","3"
"2005-05","Montréal, Quebec","2011S0503462","Multiples","Units","300","thousands","3","v52299976","8.3","15.164","","","","3"
"2005-06","Montréal, Quebec","2011S0503462","Total units","Units","300","thousands","3","v52299974","8.1","22.623","","","","3"
"2005-06","Montréal, Quebec","2011S0503462","Single-detached units","Units","300","thousands","3","v52299975","8.2","8.330","","","","3"
"2005-06","Montréal, Quebec","2011S0503462","Multiples","Units","300","thousands","3","v52299976","8.3","14.293","","","","3"
"2005-07","Montréal, Quebec","2011S0503462","Total units","Units","300","thousands","3","v52299974","8.1","28.415","","","","3"
"2005-07","Montréal, Quebec","2011S0503462","Single-detached units","Units","300","thousands","3","v52299975","8.2","8.553","","","","3"
"2005-07","Montréal, Quebec","2011S0503462","Multiples","Units","300","thousands","3","v52299976","8.3","19.862","","","","3"
"2005-08","Montréal, Quebec","2011S0503462","Total units","Units","300","thousands","3","v52299974","8.1","22.873","","","","3"
"2005-08","Montréal, Quebec","2011S0503462","Single-detached units","Units","300","thousands","3","v52299975","8.2","6.349","","","","3"
"2005-08","Montréal, Quebec","2011S0503462","Multiples","Units","300","thousands","3","v52299976","8.3","16.524","","","","3"
"2005-09","Montréal, Quebec","2011S0503462","Total units","Units","300","thousands","3","v52299974","8.1","31.422","","","","3"
"2005-09","Montréal, Quebec","2011S0503462","Single-detached units","Units","300","thousands","3","v52299975","8.2","9.954","","","","3"
"2005-09","Montréal, Quebec","2011S0503462","Multiples","Units","300","thousands","3","v52299976","8.3","21.468","","","","3"
"2005-10","Montréal, Quebec","2011S0503462","Total units","Units","300","thousands","3","v52299974","8.1","26.039","","","","3"
"2005-10","Montréal, Quebec","2011S0503462","Single-detached units","Units","300","thousands","3","v52299975","8.2","8.424","","","","3"
"2005-10","Montréal, Quebec","2011S0503462","Multiples","Units","300","thousands","3","v52299976","8.3","17.615","","","","3"
"2005-11","Montréal, Quebec","2011S0503462","Total units","Units","300","thousands","3","v52299974","8.1","28.110","","","","3"
"2005-11","Montréal, Quebec","2011S0503462","Single-detached units","Units","300","thousands","3","v52299975","8.2","8.290","","","","3"
"2005-11","Montréal, Quebec","2011S0503462","Multiples","Units","300","thousands","3","v52299976","8.3","19.820","","","","3"
"2005-12","Montréal, Quebec","2011S0503462","Total units","Units","300","thousands","3","v52299974","8.1","25.782","","","","3"
"2005-12","Montréal, Quebec","2011S0503462","Single-detached units","Units","300","thousands","3","v52299975","8.2","8.264","","","","3"
"2005-12","Montréal, Quebec","2011S0503462","Multiples","Units","300","thousands","3","v52299976","8.3","17.518","","","","3"
"2006-01","Montréal, Quebec","2011S0503462","Total units","Units","300","thousands","3","v52299974","8.1","17.295","","","","3"
"2006-01","Montréal, Quebec","2011S0503462","Single-detached units","Units","300","thousands","3","v52299975","8.2","8.835","","","","3"
"2006-01","Montréal, Quebec","2011S0503462","Multiples","Units","300","thousands","3","v52299976","8.3","8.460","","","","3"
"2006-02","Montréal, Quebec","2011S0503462","Total units","Units","300","thousands","3","v52299974","8.1","20.471","","","","3"
"2006-02","Montréal, Quebec","2011S0503462","Single-detached units","Units","300","thousands","3","v52299975","8.2","8.541","","","","3"
"2006-02","Montréal, Quebec","2011S0503462","Multiples","Units","300","thousands","3","v52299976","8.3","11.930","","","","3"
"2006-03","Montréal, Quebec","2011S0503462","Total units","Units","300","thousands","3","v52299974","8.1","26.485","","","","3"
"2006-03","Montréal, Quebec","2011S0503462","Single-detached units","Units","300","thousands","3","v52299975","8.2","6.921","","","","3"
"2006-03","Montréal, Quebec","2011S0503462","Multiples","Units","300","thousands","3","v52299976","8.3","19.564","","","","3"
"2006-04","Montréal, Quebec","2011S0503462","Total units","Units","300","thousands","3","v52299974","8.1","19.787","","","","3"
"2006-04","Montréal, Quebec","2011S0503462","Single-detached units","Units","300","thousands","3","v52299975","8.2","8.395","","","","3"
"2006-04","Montréal, Quebec","2011S0503462","Multiples","Units","300","thousands","3","v52299976","8.3","11.392","","","","3"
"2006-05","Montréal, Quebec","2011S0503462","Total units","Units","300","thousands","3","v52299974","8.1","21.212","","","","3"
"2006-05","Montréal, Quebec","2011S0503462","Single-detached units","Units","300","thousands","3","v52299975","8.2","8.145","","","","3"
"2006-05","Montréal, Quebec","2011S0503462","Multiples","Units","300","thousands","3","v52299976","8.3","13.067","","","","3"
"2006-06","Montréal, Quebec","2011S0503462","Total units","Units","300","thousands","3","v52299974","8.1","17.533","","","","3"
"2006-06","Montréal, Quebec","2011S0503462","Single-detached units","Units","300","thousands","3","v52299975","8.2","7.342","","","","3"
"2006-06","Montréal, Quebec","2011S0503462","Multiples","Units","300","thousands","3","v52299976","8.3","10.191","","","","3"
"2006-07","Montréal, Quebec","2011S0503462","Total units","Units","300","thousands","3","v52299974","8.1","17.516","","","","3"
"2006-07","Montréal, Quebec","2011S0503462","Single-detached units","Units","300","thousands","3","v52299975","8.2","7.515","","","","3"
"2006-07","Montréal, Quebec","2011S0503462","Multiples","Units","300","thousands","3","v52299976","8.3","10.001","","","","3"
"2006-08","Montréal, Quebec","2011S0503462","Total units","Units","300","thousands","3","v52299974","8.1","23.472","","","","3"
"2006-08","Montréal, Quebec","2011S0503462","Single-detached units","Units","300","thousands","3","v52299975","8.2","7.389","","","","3"
"2006-08","Montréal, Quebec","2011S0503462","Multiples","Units","300","thousands","3","v52299976","8.3","16.083","","","","3"
"2006-09","Montréal, Quebec","2011S0503462","Total units","Units","300","thousands","3","v52299974","8.1","21.198","","","","3"
"2006-09","Montréal, Quebec","2011S0503462","Single-detached units","Units","300","thousands","3","v52299975","8.2","7.066","","","","3"
"2006-09","Montréal, Quebec","2011S0503462","Multiples","Units","300","thousands","3","v52299976","8.3","14.132","","","","3"
"2006-10","Montréal, Quebec","2011S0503462","Total units","Units","300","thousands","3","v52299974","8.1","36.070","","","","3"
"2006-10","Montréal, Quebec","2011S0503462","Single-detached units","Units","300","thousands","3","v52299975","8.2","7.629","","","","3"
"2006-10","Montréal, Quebec","2011S0503462","Multiples","Units","300","thousands","3","v52299976","8.3","28.441","","","","3"
"2006-11","Montréal, Quebec","2011S0503462","Total units","Units","300","thousands","3","v52299974","8.1","26.556","","","","3"
"2006-11","Montréal, Quebec","2011S0503462","Single-detached units","Units","300","thousands","3","v52299975","8.2","7.487","","","","3"
"2006-11","Montréal, Quebec","2011S0503462","Multiples","Units","300","thousands","3","v52299976","8.3","19.069","","","","3"
"2006-12","Montréal, Quebec","2011S0503462","Total units","Units","300","thousands","3","v52299974","8.1","25.960","","","","3"
"2006-12","Montréal, Quebec","2011S0503462","Single-detached units","Units","300","thousands","3","v52299975","8.2","8.199","","","","3"
"2006-12","Montréal, Quebec","2011S0503462","Multiples","Units","300","thousands","3","v52299976","8.3","17.761","","","","3"
"2007-01","Montréal, Quebec","2011S0503462","Total units","Units","300","thousands","3","v52299974","8.1","18.016","","","","3"
"2007-01","Montréal, Quebec","2011S0503462","Single-detached units","Units","300","thousands","3","v52299975","8.2","6.385","","","","3"
"2007-01","Montréal, Quebec","2011S0503462","Multiples","Units","300","thousands","3","v52299976","8.3","11.631","","","","3"
"2007-02","Montréal, Quebec","2011S0503462","Total units","Units","300","thousands","3","v52299974","8.1","18.271","","","","3"
"2007-02","Montréal, Quebec","2011S0503462","Single-detached units","Units","300","thousands","3","v52299975","8.2","7.416","","","","3"
"2007-02","Montréal, Quebec","2011S0503462","Multiples","Units","300","thousands","3","v52299976","8.3","10.855","","","","3"
"2007-03","Montréal, Quebec","2011S0503462","Total units","Units","300","thousands","3","v52299974","8.1","21.161","","","","3"
"2007-03","Montréal, Quebec","2011S0503462","Single-detached units","Units","300","thousands","3","v52299975","8.2","8.589","","","","3"
"2007-03","Montréal, Quebec","2011S0503462","Multiples","Units","300","thousands","3","v52299976","8.3","12.572","","","","3"
"2007-04","Montréal, Quebec","2011S0503462","Total units","Units","300","thousands","3","v52299974","8.1","24.380","","","","3"
"2007-04","Montréal, Quebec","2011S0503462","Single-detached units","Units","300","thousands","3","v52299975","8.2","8.179","","","","3"
"2007-04","Montréal, Quebec","2011S0503462","Multiples","Units","300","thousands","3","v52299976","8.3","16.201","","","","3"
"2007-05","Montréal, Quebec","2011S0503462","Total units","Units","300","thousands","3","v52299974","8.1","23.987","","","","3"
"2007-05","Montréal, Quebec","2011S0503462","Single-detached units","Units","300","thousands","3","v52299975","8.2","8.017","","","","3"
"2007-05","Montréal, Quebec","2011S0503462","Multiples","Units","300","thousands","3","v52299976","8.3","15.970","","","","3"
"2007-06","Montréal, Quebec","2011S0503462","Total units","Units","300","thousands","3","v52299974","8.1","24.101","","","","3"
"2007-06","Montréal, Quebec","2011S0503462","Single-detached units","Units","300","thousands","3","v52299975","8.2","8.799","","","","3"
"2007-06","Montréal, Quebec","2011S0503462","Multiples","Units","300","thousands","3","v52299976","8.3","15.302","","","","3"
"2007-07","Montréal, Quebec","2011S0503462","Total units","Units","300","thousands","3","v52299974","8.1","19.301","","","","3"
"2007-07","Montréal, Quebec","2011S0503462","Single-detached units","Units","300","thousands","3","v52299975","8.2","7.666","","","","3"
"2007-07","Montréal, Quebec","2011S0503462","Multiples","Units","300","thousands","3","v52299976","8.3","11.635","","","","3"
"2007-08","Montréal, Quebec","2011S0503462","Total units","Units","300","thousands","3","v52299974","8.1","24.742","","","","3"
"2007-08","Montréal, Quebec","2011S0503462","Single-detached units","Units","300","thousands","3","v52299975","8.2","8.304","","","","3"
"2007-08","Montréal, Quebec","2011S0503462","Multiples","Units","300","thousands","3","v52299976","8.3","16.438","","","","3"
"2007-09","Montréal, Quebec","2011S0503462","Total units","Units","300","thousands","3","v52299974","8.1","42.092","","","","3"
"2007-09","Montréal, Quebec","2011S0503462","Single-detached units","Units","300","thousands","3","v52299975","8.2","7.801","","","","3"
"2007-09","Montréal, Quebec","2011S0503462","Multiples","Units","300","thousands","3","v52299976","8.3","34.291","","","","3"
"2007-10","Montréal, Quebec","2011S0503462","Total units","Units","300","thousands","3","v52299974","8.1","22.419","","","","3"
"2007-10","Montréal, Quebec","2011S0503462","Single-detached units","Units","300","thousands","3","v52299975","8.2","7.937","","","","3"
"2007-10","Montréal, Quebec","2011S0503462","Multiples","Units","300","thousands","3","v52299976","8.3","14.482","","","","3"
"2007-11","Montréal, Quebec","2011S0503462","Total units","Units","300","thousands","3","v52299974","8.1","21.242","","","","3"
"2007-11","Montréal, Quebec","2011S0503462","Single-detached units","Units","300","thousands","3","v52299975","8.2","7.801","","","","3"
"2007-11","Montréal, Quebec","2011S0503462","Multiples","Units","300","thousands","3","v52299976","8.3","13.441","","","","3"
"2007-12","Montréal, Quebec","2011S0503462","Total units","Units","300","thousands","3","v52299974","8.1","17.858","","","","3"
"2007-12","Montréal, Quebec","2011S0503462","Single-detached units","Units","300","thousands","3","v52299975","8.2","7.809","","","","3"
"2007-12","Montréal, Quebec","2011S0503462","Multiples","Units","300","thousands","3","v52299976","8.3","10.049","","","","3"
"2008-01","Montréal, Quebec","2011S0503462","Total units","Units","300","thousands","3","v52299974","8.1","19.143","","","","3"
"2008-01","Montréal, Quebec","2011S0503462","Single-detached units","Units","300","thousands","3","v52299975","8.2","6.896","","","","3"
"2008-01","Montréal, Quebec","2011S0503462","Multiples","Units","300","thousands","3","v52299976","8.3","12.247","","","","3"
"2008-02","Montréal, Quebec","2011S0503462","Total units","Units","300","thousands","3","v52299974","8.1","29.388","","","","3"
"2008-02","Montréal, Quebec","2011S0503462","Single-detached units","Units","300","thousands","3","v52299975","8.2","8.375","","","","3"
"2008-02","Montréal, Quebec","2011S0503462","Multiples","Units","300","thousands","3","v52299976","8.3","21.013","","","","3"
"2008-03","Montréal, Quebec","2011S0503462","Total units","Units","300","thousands","3","v52299974","8.1","23.546","","","","3"
"2008-03","Montréal, Quebec","2011S0503462","Single-detached units","Units","300","thousands","3","v52299975","8.2","5.561","","","","3"
"2008-03","Montréal, Quebec","2011S0503462","Multiples","Units","300","thousands","3","v52299976","8.3","17.985","","","","3"
"2008-04","Montréal, Quebec","2011S0503462","Total units","Units","300","thousands","3","v52299974","8.1","20.640","","","","3"
"2008-04","Montréal, Quebec","2011S0503462","Single-detached units","Units","300","thousands","3","v52299975","8.2","7.312","","","","3"
"2008-04","Montréal, Quebec","2011S0503462","Multiples","Units","300","thousands","3","v52299976","8.3","13.328","","","","3"
"2008-05","Montréal, Quebec","2011S0503462","Total units","Units","300","thousands","3","v52299974","8.1","26.498","","","","3"
"2008-05","Montréal, Quebec","2011S0503462","Single-detached units","Units","300","thousands","3","v52299975","8.2","8.087","","","","3"
"2008-05","Montréal, Quebec","2011S0503462","Multiples","Units","300","thousands","3","v52299976","8.3","18.411","","","","3"
"2008-06","Montréal, Quebec","2011S0503462","Total units","Units","300","thousands","3","v52299974","8.1","19.222","","","","3"
"2008-06","Montréal, Quebec","2011S0503462","Single-detached units","Units","300","thousands","3","v52299975","8.2","6.682","","","","3"
"2008-06","Montréal, Quebec","2011S0503462","Multiples","Units","300","thousands","3","v52299976","8.3","12.540","","","","3"
"2008-07","Montréal, Quebec","2011S0503462","Total units","Units","300","thousands","3","v52299974","8.1","20.738","","","","3"
"2008-07","Montréal, Quebec","2011S0503462","Single-detached units","Units","300","thousands","3","v52299975","8.2","7.325","","","","3"
"2008-07","Montréal, Quebec","2011S0503462","Multiples","Units","300","thousands","3","v52299976","8.3","13.413","","","","3"
"2008-08","Montréal, Quebec","2011S0503462","Total units","Units","300","thousands","3","v52299974","8.1","20.794","","","","3"
"2008-08","Montréal, Quebec","2011S0503462","Single-detached units","Units","300","thousands","3","v52299975","8.2","6.675","","","","3"
"2008-08","Montréal, Quebec","2011S0503462","Multiples","Units","300","thousands","3","v52299976","8.3","14.119","","","","3"
"2008-09","Montréal, Quebec","2011S0503462","Total units","Units","300","thousands","3","v52299974","8.1","20.360","","","","3"
"2008-09","Montréal, Quebec","2011S0503462","Single-detached units","Units","300","thousands","3","v52299975","8.2","6.309","","","","3"
"2008-09","Montréal, Quebec","2011S0503462","Multiples","Units","300","thousands","3","v52299976","8.3","14.051","","","","3"
"2008-10","Montréal, Quebec","2011S0503462","Total units","Units","300","thousands","3","v52299974","8.1","19.343","","","","3"
"2008-10","Montréal, Quebec","2011S0503462","Single-detached units","Units","300","thousands","3","v52299975","8.2","5.719","","","","3"
"2008-10","Montréal, Quebec","2011S0503462","Multiples","Units","300","thousands","3","v52299976","8.3","13.624","","","","3"
"2008-11","Montréal, Quebec","2011S0503462","Total units","Units","300","thousands","3","v52299974","8.1","28.517","","","","3"
"2008-11","Montréal, Quebec","2011S0503462","Single-detached units","Units","300","thousands","3","v52299975","8.2","5.547","","","","3"
"2008-11","Montréal, Quebec","2011S0503462","Multiples","Units","300","thousands","3","v52299976","8.3","22.970","","","","3"
"2008-12","Montréal, Quebec","2011S0503462","Total units","Units","300","thousands","3","v52299974","8.1","15.477","","","","3"
"2008-12","Montréal, Quebec","2011S0503462","Single-detached units","Units","300","thousands","3","v52299975","8.2","4.645","","","","3"
"2008-12","Montréal, Quebec","2011S0503462","Multiples","Units","300","thousands","3","v52299976","8.3","10.832","","","","3"
"2009-01","Montréal, Quebec","2011S0503462","Total units","Units","300","thousands","3","v52299974","8.1","16.830","","","","3"
"2009-01","Montréal, Quebec","2011S0503462","Single-detached units","Units","300","thousands","3","v52299975","8.2","4.768","","","","3"
"2009-01","Montréal, Quebec","2011S0503462","Multiples","Units","300","thousands","3","v52299976","8.3","12.062","","","","3"
"2009-02","Montréal, Quebec","2011S0503462","Total units","Units","300","thousands","3","v52299974","8.1","11.174","","","","3"
"2009-02","Montréal, Quebec","2011S0503462","Single-detached units","Units","300","thousands","3","v52299975","8.2","3.954","","","","3"
"2009-02","Montréal, Quebec","2011S0503462","Multiples","Units","300","thousands","3","v52299976","8.3","7.220","","","","3"
"2009-03","Montréal, Quebec","2011S0503462","Total units","Units","300","thousands","3","v52299974","8.1","20.686","","","","3"
"2009-03","Montréal, Quebec","2011S0503462","Single-detached units","Units","300","thousands","3","v52299975","8.2","4.165","","","","3"
"2009-03","Montréal, Quebec","2011S0503462","Multiples","Units","300","thousands","3","v52299976","8.3","16.521","","","","3"
"2009-04","Montréal, Quebec","2011S0503462","Total units","Units","300","thousands","3","v52299974","8.1","18.450","","","","3"
"2009-04","Montréal, Quebec","2011S0503462","Single-detached units","Units","300","thousands","3","v52299975","8.2","4.169","","","","3"
"2009-04","Montréal, Quebec","2011S0503462","Multiples","Units","300","thousands","3","v52299976","8.3","14.281","","","","3"
"2009-05","Montréal, Quebec","2011S0503462","Total units","Units","300","thousands","3","v52299974","8.1","19.004","","","","3"
"2009-05","Montréal, Quebec","2011S0503462","Single-detached units","Units","300","thousands","3","v52299975","8.2","4.710","","","","3"
"2009-05","Montréal, Quebec","2011S0503462","Multiples","Units","300","thousands","3","v52299976","8.3","14.294","","","","3"
"2009-06","Montréal, Quebec","2011S0503462","Total units","Units","300","thousands","3","v52299974","8.1","15.757","","","","3"
"2009-06","Montréal, Quebec","2011S0503462","Single-detached units","Units","300","thousands","3","v52299975","8.2","5.601","","","","3"
"2009-06","Montréal, Quebec","2011S0503462","Multiples","Units","300","thousands","3","v52299976","8.3","10.156","","","","3"
"2009-07","Montréal, Quebec","2011S0503462","Total units","Units","300","thousands","3","v52299974","8.1","17.234","","","","3"
"2009-07","Montréal, Quebec","2011S0503462","Single-detached units","Units","300","thousands","3","v52299975","8.2","5.514","","","","3"
"2009-07","Montréal, Quebec","2011S0503462","Multiples","Units","300","thousands","3","v52299976","8.3","11.720","","","","3"
"2009-08","Montréal, Quebec","2011S0503462","Total units","Units","300","thousands","3","v52299974","8.1","21.824","","","","3"
"2009-08","Montréal, Quebec","2011S0503462","Single-detached units","Units","300","thousands","3","v52299975","8.2","5.911","","","","3"
"2009-08","Montréal, Quebec","2011S0503462","Multiples","Units","300","thousands","3","v52299976","8.3","15.913","","","","3"
"2009-09","Montréal, Quebec","2011S0503462","Total units","Units","300","thousands","3","v52299974","8.1","20.716","","","","3"
"2009-09","Montréal, Quebec","2011S0503462","Single-detached units","Units","300","thousands","3","v52299975","8.2","6.859","","","","3"
"2009-09","Montréal, Quebec","2011S0503462","Multiples","Units","300","thousands","3","v52299976","8.3","13.857","","","","3"
"2009-10","Montréal, Quebec","2011S0503462","Total units","Units","300","thousands","3","v52299974","8.1","18.437","","","","3"
"2009-10","Montréal, Quebec","2011S0503462","Single-detached units","Units","300","thousands","3","v52299975","8.2","6.549","","","","3"
"2009-10","Montréal, Quebec","2011S0503462","Multiples","Units","300","thousands","3","v52299976","8.3","11.888","","","","3"
"2009-11","Montréal, Quebec","2011S0503462","Total units","Units","300","thousands","3","v52299974","8.1","25.871","","","","3"
"2009-11","Montréal, Quebec","2011S0503462","Single-detached units","Units","300","thousands","3","v52299975","8.2","6.203","","","","3"
"2009-11","Montréal, Quebec","2011S0503462","Multiples","Units","300","thousands","3","v52299976","8.3","19.668","","","","3"
"2009-12","Montréal, Quebec","2011S0503462","Total units","Units","300","thousands","3","v52299974","8.1","24.394","","","","3"
"2009-12","Montréal, Quebec","2011S0503462","Single-detached units","Units","300","thousands","3","v52299975","8.2","6.961","","","","3"
"2009-12","Montréal, Quebec","2011S0503462","Multiples","Units","300","thousands","3","v52299976","8.3","17.433","","","","3"
"2010-01","Montréal, Quebec","2011S0503462","Total units","Units","300","thousands","3","v52299974","8.1","27.138","","","","3"
"2010-01","Montréal, Quebec","2011S0503462","Single-detached units","Units","300","thousands","3","v52299975","8.2","7.287","","","","3"
"2010-01","Montréal, Quebec","2011S0503462","Multiples","Units","300","thousands","3","v52299976","8.3","19.851","","","","3"
"2010-02","Montréal, Quebec","2011S0503462","Total units","Units","300","thousands","3","v52299974","8.1","16.653","","","","3"
"2010-02","Montréal, Quebec","2011S0503462","Single-detached units","Units","300","thousands","3","v52299975","8.2","5.646","","","","3"
"2010-02","Montréal, Quebec","2011S0503462","Multiples","Units","300","thousands","3","v52299976","8.3","11.007","","","","3"
"2010-03","Montréal, Quebec","2011S0503462","Total units","Units","300","thousands","3","v52299974","8.1","22.195","","","","3"
"2010-03","Montréal, Quebec","2011S0503462","Single-detached units","Units","300","thousands","3","v52299975","8.2","7.636","","","","3"
"2010-03","Montréal, Quebec","2011S0503462","Multiples","Units","300","thousands","3","v52299976","8.3","14.559","","","","3"
"2010-04","Montréal, Quebec","2011S0503462","Total units","Units","300","thousands","3","v52299974","8.1","24.650","","","","3"
"2010-04","Montréal, Quebec","2011S0503462","Single-detached units","Units","300","thousands","3","v52299975","8.2","6.714","","","","3"
"2010-04","Montréal, Quebec","2011S0503462","Multiples","Units","300","thousands","3","v52299976","8.3","17.936","","","","3"
"2010-05","Montréal, Quebec","2011S0503462","Total units","Units","300","thousands","3","v52299974","8.1","21.241","","","","3"
"2010-05","Montréal, Quebec","2011S0503462","Single-detached units","Units","300","thousands","3","v52299975","8.2","5.737","","","","3"
"2010-05","Montréal, Quebec","2011S0503462","Multiples","Units","300","thousands","3","v52299976","8.3","15.504","","","","3"
"2010-06","Montréal, Quebec","2011S0503462","Total units","Units","300","thousands","3","v52299974","8.1","22.917","","","","3"
"2010-06","Montréal, Quebec","2011S0503462","Single-detached units","Units","300","thousands","3","v52299975","8.2","5.816","","","","3"
"2010-06","Montréal, Quebec","2011S0503462","Multiples","Units","300","thousands","3","v52299976","8.3","17.101","","","","3"
"2010-07","Montréal, Quebec","2011S0503462","Total units","Units","300","thousands","3","v52299974","8.1","23.186","","","","3"
"2010-07","Montréal, Quebec","2011S0503462","Single-detached units","Units","300","thousands","3","v52299975","8.2","5.366","","","","3"
"2010-07","Montréal, Quebec","2011S0503462","Multiples","Units","300","thousands","3","v52299976","8.3","17.820","","","","3"
"2010-08","Montréal, Quebec","2011S0503462","Total units","Units","300","thousands","3","v52299974","8.1","18.998","","","","3"
"2010-08","Montréal, Quebec","2011S0503462","Single-detached units","Units","300","thousands","3","v52299975","8.2","5.245","","","","3"
"2010-08","Montréal, Quebec","2011S0503462","Multiples","Units","300","thousands","3","v52299976","8.3","13.753","","","","3"
"2010-09","Montréal, Quebec","2011S0503462","Total units","Units","300","thousands","3","v52299974","8.1","21.269","","","","3"
"2010-09","Montréal, Quebec","2011S0503462","Single-detached units","Units","300","thousands","3","v52299975","8.2","5.042","","","","3"
"2010-09","Montréal, Quebec","2011S0503462","Multiples","Units","300","thousands","3","v52299976","8.3","16.227","","","","3"
"2010-10","Montréal, Quebec","2011S0503462","Total units","Units","300","thousands","3","v52299974","8.1","24.524","","","","3"
"2010-10","Montréal, Quebec","2011S0503462","Single-detached units","Units","300","thousands","3","v52299975","8.2","5.218","","","","3"
"2010-10","Montréal, Quebec","2011S0503462","Multiples","Units","300","thousands","3","v52299976","8.3","19.306","","","","3"
"2010-11","Montréal, Quebec","2011S0503462","Total units","Units","300","thousands","3","v52299974","8.1","19.809","","","","3"
"2010-11","Montréal, Quebec","2011S0503462","Single-detached units","Units","300","thousands","3","v52299975","8.2","4.885","","","","3"
"2010-11","Montréal, Quebec","2011S0503462","Multiples","Units","300","thousands","3","v52299976","8.3","14.924","","","","3"
"2010-12","Montréal, Quebec","2011S0503462","Total units","Units","300","thousands","3","v52299974","8.1","22.248","","","","3"
"2010-12","Montréal, Quebec","2011S0503462","Single-detached units","Units","300","thousands","3","v52299975","8.2","4.792","","","","3"
"2010-12","Montréal, Quebec","2011S0503462","Multiples","Units","300","thousands","3","v52299976","8.3","17.456","","","","3"
"2011-01","Montréal, Quebec","2011S0503462","Total units","Units","300","thousands","3","v52299974","8.1","17.192","","","","3"
"2011-01","Montréal, Quebec","2011S0503462","Single-detached units","Units","300","thousands","3","v52299975","8.2","4.712","","","","3"
"2011-01","Montréal, Quebec","2011S0503462","Multiples","Units","300","thousands","3","v52299976","8.3","12.480","","","","3"
"2011-02","Montréal, Quebec","2011S0503462","Total units","Units","300","thousands","3","v52299974","8.1","14.487","","","","3"
"2011-02","Montréal, Quebec","2011S0503462","Single-detached units","Units","300","thousands","3","v52299975","8.2","5.649","","","","3"
"2011-02","Montréal, Quebec","2011S0503462","Multiples","Units","300","thousands","3","v52299976","8.3","8.838","","","","3"
"2011-03","Montréal, Quebec","2011S0503462","Total units","Units","300","thousands","3","v52299974","8.1","26.638","","","","3"
"2011-03","Montréal, Quebec","2011S0503462","Single-detached units","Units","300","thousands","3","v52299975","8.2","4.975","","","","3"
"2011-03","Montréal, Quebec","2011S0503462","Multiples","Units","300","thousands","3","v52299976","8.3","21.663","","","","3"
"2011-04","Montréal, Quebec","2011S0503462","Total units","Units","300","thousands","3","v52299974","8.1","20.368","","","","3"
"2011-04","Montréal, Quebec","2011S0503462","Single-detached units","Units","300","thousands","3","v52299975","8.2","4.573","","","","3"
"2011-04","Montréal, Quebec","2011S0503462","Multiples","Units","300","thousands","3","v52299976","8.3","15.795","","","","3"
"2011-05","Montréal, Quebec","2011S0503462","Total units","Units","300","thousands","3","v52299974","8.1","23.801","","","","3"
"2011-05","Montréal, Quebec","2011S0503462","Single-detached units","Units","300","thousands","3","v52299975","8.2","5.017","","","","3"
"2011-05","Montréal, Quebec","2011S0503462","Multiples","Units","300","thousands","3","v52299976","8.3","18.784","","","","3"
"2011-06","Montréal, Quebec","2011S0503462","Total units","Units","300","thousands","3","v52299974","8.1","20.600","","","","3"
"2011-06","Montréal, Quebec","2011S0503462","Single-detached units","Units","300","thousands","3","v52299975","8.2","4.454","","","","3"
"2011-06","Montréal, Quebec","2011S0503462","Multiples","Units","300","thousands","3","v52299976","8.3","16.146","","","","3"
"2011-07","Montréal, Quebec","2011S0503462","Total units","Units","300","thousands","3","v52299974","8.1","22.078","","","","3"
"2011-07","Montréal, Quebec","2011S0503462","Single-detached units","Units","300","thousands","3","v52299975","8.2","4.755","","","","3"
"2011-07","Montréal, Quebec","2011S0503462","Multiples","Units","300","thousands","3","v52299976","8.3","17.323","","","","3"
"2011-08","Montréal, Quebec","2011S0503462","Total units","Units","300","thousands","3","v52299974","8.1","16.542","","","","3"
"2011-08","Montréal, Quebec","2011S0503462","Single-detached units","Units","300","thousands","3","v52299975","8.2","4.386","","","","3"
"2011-08","Montréal, Quebec","2011S0503462","Multiples","Units","300","thousands","3","v52299976","8.3","12.156","","","","3"
"2011-09","Montréal, Quebec","2011S0503462","Total units","Units","300","thousands","3","v52299974","8.1","32.744","","","","3"
"2011-09","Montréal, Quebec","2011S0503462","Single-detached units","Units","300","thousands","3","v52299975","8.2","4.393","","","","3"
"2011-09","Montréal, Quebec","2011S0503462","Multiples","Units","300","thousands","3","v52299976","8.3","28.351","","","","3"
"2011-10","Montréal, Quebec","2011S0503462","Total units","Units","300","thousands","3","v52299974","8.1","24.903","","","","3"
"2011-10","Montréal, Quebec","2011S0503462","Single-detached units","Units","300","thousands","3","v52299975","8.2","4.236","","","","3"
"2011-10","Montréal, Quebec","2011S0503462","Multiples","Units","300","thousands","3","v52299976","8.3","20.667","","","","3"
"2011-11","Montréal, Quebec","2011S0503462","Total units","Units","300","thousands","3","v52299974","8.1","28.673","","","","3"
"2011-11","Montréal, Quebec","2011S0503462","Single-detached units","Units","300","thousands","3","v52299975","8.2","4.669","","","","3"
"2011-11","Montréal, Quebec","2011S0503462","Multiples","Units","300","thousands","3","v52299976","8.3","24.004","","","","3"
"2011-12","Montréal, Quebec","2011S0503462","Total units","Units","300","thousands","3","v52299974","8.1","24.370","","","","3"
"2011-12","Montréal, Quebec","2011S0503462","Single-detached units","Units","300","thousands","3","v52299975","8.2","4.386","","","","3"
"2011-12","Montréal, Quebec","2011S0503462","Multiples","Units","300","thousands","3","v52299976","8.3","19.984","","","","3"
"2012-01","Montréal, Quebec","2011S0503462","Total units","Units","300","thousands","3","v52299974","8.1","15.088","","","","3"
"2012-01","Montréal, Quebec","2011S0503462","Single-detached units","Units","300","thousands","3","v52299975","8.2","4.285","","","","3"
"2012-01","Montréal, Quebec","2011S0503462","Multiples","Units","300","thousands","3","v52299976","8.3","10.803","","","","3"
"2012-02","Montréal, Quebec","2011S0503462","Total units","Units","300","thousands","3","v52299974","8.1","15.807","","","","3"
"2012-02","Montréal, Quebec","2011S0503462","Single-detached units","Units","300","thousands","3","v52299975","8.2","4.654","","","","3"
"2012-02","Montréal, Quebec","2011S0503462","Multiples","Units","300","thousands","3","v52299976","8.3","11.153","","","","3"
"2012-03","Montréal, Quebec","2011S0503462","Total units","Units","300","thousands","3","v52299974","8.1","16.285","","","","3"
"2012-03","Montréal, Quebec","2011S0503462","Single-detached units","Units","300","thousands","3","v52299975","8.2","4.089","","","","3"
"2012-03","Montréal, Quebec","2011S0503462","Multiples","Units","300","thousands","3","v52299976","8.3","12.196","","","","3"
"2012-04","Montréal, Quebec","2011S0503462","Total units","Units","300","thousands","3","v52299974","8.1","30.222","","","","3"
"2012-04","Montréal, Quebec","2011S0503462","Single-detached units","Units","300","thousands","3","v52299975","8.2","4.311","","","","3"
"2012-04","Montréal, Quebec","2011S0503462","Multiples","Units","300","thousands","3","v52299976","8.3","25.911","","","","3"
"2012-05","Montréal, Quebec","2011S0503462","Total units","Units","300","thousands","3","v52299974","8.1","20.099","","","","3"
"2012-05","Montréal, Quebec","2011S0503462","Single-detached units","Units","300","thousands","3","v52299975","8.2","3.810","","","","3"
"2012-05","Montréal, Quebec","2011S0503462","Multiples","Units","300","thousands","3","v52299976","8.3","16.289","","","","3"
"2012-06","Montréal, Quebec","2011S0503462","Total units","Units","300","thousands","3","v52299974","8.1","18.389","","","","3"
"2012-06","Montréal, Quebec","2011S0503462","Single-detached units","Units","300","thousands","3","v52299975","8.2","3.960","","","","3"
"2012-06","Montréal, Quebec","2011S0503462","Multiples","Units","300","thousands","3","v52299976","8.3","14.429","","","","3"
"2012-07","Montréal, Quebec","2011S0503462","Total units","Units","300","thousands","3","v52299974","8.1","23.531","","","","3"
"2012-07","Montréal, Quebec","2011S0503462","Single-detached units","Units","300","thousands","3","v52299975","8.2","3.910","","","","3"
"2012-07","Montréal, Quebec","2011S0503462","Multiples","Units","300","thousands","3","v52299976","8.3","19.621","","","","3"
"2012-08","Montréal, Quebec","2011S0503462","Total units","Units","300","thousands","3","v52299974","8.1","21.349","","","","3"
"2012-08","Montréal, Quebec","2011S0503462","Single-detached units","Units","300","thousands","3","v52299975","8.2","4.016","","","","3"
"2012-08","Montréal, Quebec","2011S0503462","Multiples","Units","300","thousands","3","v52299976","8.3","17.333","","","","3"
"2012-09","Montréal, Quebec","2011S0503462","Total units","Units","300","thousands","3","v52299974","8.1","23.489","","","","3"
"2012-09","Montréal, Quebec","2011S0503462","Single-detached units","Units","300","thousands","3","v52299975","8.2","3.769","","","","3"
"2012-09","Montréal, Quebec","2011S0503462","Multiples","Units","300","thousands","3","v52299976","8.3","19.720","","","","3"
"2012-10","Montréal, Quebec","2011S0503462","Total units","Units","300","thousands","3","v52299974","8.1","21.333","","","","3"
"2012-10","Montréal, Quebec","2011S0503462","Single-detached units","Units","300","thousands","3","v52299975","8.2","3.558","","","","3"
"2012-10","Montréal, Quebec","2011S0503462","Multiples","Units","300","thousands","3","v52299976","8.3","17.775","","","","3"
"2012-11","Montréal, Quebec","2011S0503462","Total units","Units","300","thousands","3","v52299974","8.1","24.023","","","","3"
"2012-11","Montréal, Quebec","2011S0503462","Single-detached units","Units","300","thousands","3","v52299975","8.2","3.448","","","","3"
"2012-11","Montréal, Quebec","2011S0503462","Multiples","Units","300","thousands","3","v52299976","8.3","20.575","","","","3"
"2012-12","Montréal, Quebec","2011S0503462","Total units","Units","300","thousands","3","v52299974","8.1","18.456","","","","3"
"2012-12","Montréal, Quebec","2011S0503462","Single-detached units","Units","300","thousands","3","v52299975","8.2","4.046","","","","3"
"2012-12","Montréal, Quebec","2011S0503462","Multiples","Units","300","thousands","3","v52299976","8.3","14.410","","","","3"
"2013-01","Montréal, Quebec","2011S0503462","Total units","Units","300","thousands","3","v52299974","8.1","10.375","","","","3"
"2013-01","Montréal, Quebec","2011S0503462","Single-detached units","Units","300","thousands","3","v52299975","8.2","3.416","","","","3"
"2013-01","Montréal, Quebec","2011S0503462","Multiples","Units","300","thousands","3","v52299976","8.3","6.959","","","","3"
"2013-02","Montréal, Quebec","2011S0503462","Total units","Units","300","thousands","3","v52299974","8.1","12.295","","","","3"
"2013-02","Montréal, Quebec","2011S0503462","Single-detached units","Units","300","thousands","3","v52299975","8.2","3.258","","","","3"
"2013-02","Montréal, Quebec","2011S0503462","Multiples","Units","300","thousands","3","v52299976","8.3","9.037","","","","3"
"2013-03","Montréal, Quebec","2011S0503462","Total units","Units","300","thousands","3","v52299974","8.1","14.524","","","","3"
"2013-03","Montréal, Quebec","2011S0503462","Single-detached units","Units","300","thousands","3","v52299975","8.2","3.053","","","","3"
"2013-03","Montréal, Quebec","2011S0503462","Multiples","Units","300","thousands","3","v52299976","8.3","11.471","","","","3"
"2013-04","Montréal, Quebec","2011S0503462","Total units","Units","300","thousands","3","v52299974","8.1","16.572","","","","3"
"2013-04","Montréal, Quebec","2011S0503462","Single-detached units","Units","300","thousands","3","v52299975","8.2","3.069","","","","3"
"2013-04","Montréal, Quebec","2011S0503462","Multiples","Units","300","thousands","3","v52299976","8.3","13.503","","","","3"
"2013-05","Montréal, Quebec","2011S0503462","Total units","Units","300","thousands","3","v52299974","8.1","15.219","","","","3"
"2013-05","Montréal, Quebec","2011S0503462","Single-detached units","Units","300","thousands","3","v52299975","8.2","3.304","","","","3"
"2013-05","Montréal, Quebec","2011S0503462","Multiples","Units","300","thousands","3","v52299976","8.3","11.915","","","","3"
"2013-06","Montréal, Quebec","2011S0503462","Total units","Units","300","thousands","3","v52299974","8.1","15.607","","","","3"
"2013-06","Montréal, Quebec","2011S0503462","Single-detached units","Units","300","thousands","3","v52299975","8.2","3.184","","","","3"
"2013-06","Montréal, Quebec","2011S0503462","Multiples","Units","300","thousands","3","v52299976","8.3","12.423","","","","3"
"2013-07","Montréal, Quebec","2011S0503462","Total units","Units","300","thousands","3","v52299974","8.1","16.236","","","","3"
"2013-07","Montréal, Quebec","2011S0503462","Single-detached units","Units","300","thousands","3","v52299975","8.2","2.272","","","","3"
"2013-07","Montréal, Quebec","2011S0503462","Multiples","Units","300","thousands","3","v52299976","8.3","13.964","","","","3"
"2013-08","Montréal, Quebec","2011S0503462","Total units","Units","300","thousands","3","v52299974","8.1","15.477","","","","3"
"2013-08","Montréal, Quebec","2011S0503462","Single-detached units","Units","300","thousands","3","v52299975","8.2","3.605","","","","3"
"2013-08","Montréal, Quebec","2011S0503462","Multiples","Units","300","thousands","3","v52299976","8.3","11.872","","","","3"
"2013-09","Montréal, Quebec","2011S0503462","Total units","Units","300","thousands","3","v52299974","8.1","17.035","","","","3"
"2013-09","Montréal, Quebec","2011S0503462","Single-detached units","Units","300","thousands","3","v52299975","8.2","2.835","","","","3"
"2013-09","Montréal, Quebec","2011S0503462","Multiples","Units","300","thousands","3","v52299976","8.3","14.200","","","","3"
"2013-10","Montréal, Quebec","2011S0503462","Total units","Units","300","thousands","3","v52299974","8.1","16.494","","","","3"
"2013-10","Montréal, Quebec","2011S0503462","Single-detached units","Units","300","thousands","3","v52299975","8.2","3.101","","","","3"
"2013-10","Montréal, Quebec","2011S0503462","Multiples","Units","300","thousands","3","v52299976","8.3","13.393","","","","3"
"2013-11","Montréal, Quebec","2011S0503462","Total units","Units","300","thousands","3","v52299974","8.1","17.587","","","","3"
"2013-11","Montréal, Quebec","2011S0503462","Single-detached units","Units","300","thousands","3","v52299975","8.2","2.854","","","","3"
"2013-11","Montréal, Quebec","2011S0503462","Multiples","Units","300","thousands","3","v52299976","8.3","14.733","","","","3"
"2013-12","Montréal, Quebec","2011S0503462","Total units","Units","300","thousands","3","v52299974","8.1","19.909","","","","3"
"2013-12","Montréal, Quebec","2011S0503462","Single-detached units","Units","300","thousands","3","v52299975","8.2","2.827","","","","3"
"2013-12","Montréal, Quebec","2011S0503462","Multiples","Units","300","thousands","3","v52299976","8.3","17.082","","","","3"
"2014-01","Montréal, Quebec","2011S0503462","Total units","Units","300","thousands","3","v52299974","8.1","12.216","","","","3"
"2014-01","Montréal, Quebec","2011S0503462","Single-detached units","Units","300","thousands","3","v52299975","8.2","2.866","","","","3"
"2014-01","Montréal, Quebec","2011S0503462","Multiples","Units","300","thousands","3","v52299976","8.3","9.350","","","","3"
"2014-02","Montréal, Quebec","2011S0503462","Total units","Units","300","thousands","3","v52299974","8.1","21.228","","","","3"
"2014-02","Montréal, Quebec","2011S0503462","Single-detached units","Units","300","thousands","3","v52299975","8.2","2.738","","","","3"
"2014-02","Montréal, Quebec","2011S0503462","Multiples","Units","300","thousands","3","v52299976","8.3","18.490","","","","3"
"2014-03","Montréal, Quebec","2011S0503462","Total units","Units","300","thousands","3","v52299974","8.1","14.680","","","","3"
"2014-03","Montréal, Quebec","2011S0503462","Single-detached units","Units","300","thousands","3","v52299975","8.2","2.617","","","","3"
"2014-03","Montréal, Quebec","2011S0503462","Multiples","Units","300","thousands","3","v52299976","8.3","12.063","","","","3"
"2014-04","Montréal, Quebec","2011S0503462","Total units","Units","300","thousands","3","v52299974","8.1","18.011","","","","3"
"2014-04","Montréal, Quebec","2011S0503462","Single-detached units","Units","300","thousands","3","v52299975","8.2","2.913","","","","3"
"2014-04","Montréal, Quebec","2011S0503462","Multiples","Units","300","thousands","3","v52299976","8.3","15.098","","","","3"
"2014-05","Montréal, Quebec","2011S0503462","Total units","Units","300","thousands","3","v52299974","8.1","22.330","","","","3"
"2014-05","Montréal, Quebec","2011S0503462","Single-detached units","Units","300","thousands","3","v52299975","8.2","2.597","","","","3"
"2014-05","Montréal, Quebec","2011S0503462","Multiples","Units","300","thousands","3","v52299976","8.3","19.733","","","","3"
"2014-06","Montréal, Quebec","2011S0503462","Total units","Units","300","thousands","3","v52299974","8.1","17.973","","","","3"
"2014-06","Montréal, Quebec","2011S0503462","Single-detached units","Units","300","thousands","3","v52299975","8.2","2.598","","","","3"
"2014-06","Montréal, Quebec","2011S0503462","Multiples","Units","300","thousands","3","v52299976","8.3","15.375","","","","3"
"2014-07","Montréal, Quebec","2011S0503462","Total units","Units","300","thousands","3","v52299974","8.1","20.042","","","","3"
"2014-07","Montréal, Quebec","2011S0503462","Single-detached units","Units","300","thousands","3","v52299975","8.2","2.954","","","","3"
"2014-07","Montréal, Quebec","2011S0503462","Multiples","Units","300","thousands","3","v52299976","8.3","17.088","","","","3"
"2014-08","Montréal, Quebec","2011S0503462","Total units","Units","300","thousands","3","v52299974","8.1","12.130","","","","3"
"2014-08","Montréal, Quebec","2011S0503462","Single-detached units","Units","300","thousands","3","v52299975","8.2","2.792","","","","3"
"2014-08","Montréal, Quebec","2011S0503462","Multiples","Units","300","thousands","3","v52299976","8.3","9.338","","","","3"
"2014-09","Montréal, Quebec","2011S0503462","Total units","Units","300","thousands","3","v52299974","8.1","18.422","","","","3"
"2014-09","Montréal, Quebec","2011S0503462","Single-detached units","Units","300","thousands","3","v52299975","8.2","2.723","","","","3"
"2014-09","Montréal, Quebec","2011S0503462","Multiples","Units","300","thousands","3","v52299976","8.3","15.699","","","","3"
"2014-10","Montréal, Quebec","2011S0503462","Total units","Units","300","thousands","3","v52299974","8.1","19.908","","","","3"
"2014-10","Montréal, Quebec","2011S0503462","Single-detached units","Units","300","thousands","3","v52299975","8.2","2.399","","","","3"
"2014-10","Montréal, Quebec","2011S0503462","Multiples","Units","300","thousands","3","v52299976","8.3","17.509","","","","3"
"2014-11","Montréal, Quebec","2011S0503462","Total units","Units","300","thousands","3","v52299974","8.1","29.385","","","","3"
"2014-11","Montréal, Quebec","2011S0503462","Single-detached units","Units","300","thousands","3","v52299975","8.2","2.551","","","","3"
"2014-11","Montréal, Quebec","2011S0503462","Multiples","Units","300","thousands","3","v52299976","8.3","26.834","","","","3"
"2014-12","Montréal, Quebec","2011S0503462","Total units","Units","300","thousands","3","v52299974","8.1","17.587","","","","3"
"2014-12","Montréal, Quebec","2011S0503462","Single-detached units","Units","300","thousands","3","v52299975","8.2","2.264","","","","3"
"2014-12","Montréal, Quebec","2011S0503462","Multiples","Units","300","thousands","3","v52299976","8.3","15.323","","","","3"
"2015-01","Montréal, Quebec","2011S0503462","Total units","Units","300","thousands","3","v52299974","8.1","12.519","","","","3"
"2015-01","Montréal, Quebec","2011S0503462","Single-detached units","Units","300","thousands","3","v52299975","8.2","2.348","","","","3"
"2015-01","Montréal, Quebec","2011S0503462","Multiples","Units","300","thousands","3","v52299976","8.3","10.171","","","","3"
"2015-02","Montréal, Quebec","2011S0503462","Total units","Units","300","thousands","3","v52299974","8.1","5.735","","","","3"
"2015-02","Montréal, Quebec","2011S0503462","Single-detached units","Units","300","thousands","3","v52299975","8.2","2.192","","","","3"
"2015-02","Montréal, Quebec","2011S0503462","Multiples","Units","300","thousands","3","v52299976","8.3","3.543","","","","3"
"2015-03","Montréal, Quebec","2011S0503462","Total units","Units","300","thousands","3","v52299974","8.1","12.007","","","","3"
"2015-03","Montréal, Quebec","2011S0503462","Single-detached units","Units","300","thousands","3","v52299975","8.2","2.371","","","","3"
"2015-03","Montréal, Quebec","2011S0503462","Multiples","Units","300","thousands","3","v52299976","8.3","9.636","","","","3"
"2015-04","Montréal, Quebec","2011S0503462","Total units","Units","300","thousands","3","v52299974","8.1","10.791","","","","3"
"2015-04","Montréal, Quebec","2011S0503462","Single-detached units","Units","300","thousands","3","v52299975","8.2","1.774","","","","3"
"2015-04","Montréal, Quebec","2011S0503462","Multiples","Units","300","thousands","3","v52299976","8.3","9.017","","","","3"
"2015-05","Montréal, Quebec","2011S0503462","Total units","Units","300","thousands","3","v52299974","8.1","14.877","","","","3"
"2015-05","Montréal, Quebec","2011S0503462","Single-detached units","Units","300","thousands","3","v52299975","8.2","2.936","","","","3"
"2015-05","Montréal, Quebec","2011S0503462","Multiples","Units","300","thousands","3","v52299976","8.3","11.941","","","","3"
"2015-06","Montréal, Quebec","2011S0503462","Total units","Units","300","thousands","3","v52299974","8.1","24.896","","","","3"
"2015-06","Montréal, Quebec","2011S0503462","Single-detached units","Units","300","thousands","3","v52299975","8.2","2.369","","","","3"
"2015-06","Montréal, Quebec","2011S0503462","Multiples","Units","300","thousands","3","v52299976","8.3","22.527","","","","3"
"2015-07","Montréal, Quebec","2011S0503462","Total units","Units","300","thousands","3","v52299974","8.1","25.619","","","","3"
"2015-07","Montréal, Quebec","2011S0503462","Single-detached units","Units","300","thousands","3","v52299975","8.2","2.464","","","","3"
"2015-07","Montréal, Quebec","2011S0503462","Multiples","Units","300","thousands","3","v52299976","8.3","23.155","","","","3"
"2015-08","Montréal, Quebec","2011S0503462","Total units","Units","300","thousands","3","v52299974","8.1","13.813","","","","3"
"2015-08","Montréal, Quebec","2011S0503462","Single-detached units","Units","300","thousands","3","v52299975","8.2","2.481","","","","3"
"2015-08","Montréal, Quebec","2011S0503462","Multiples","Units","300","thousands","3","v52299976","8.3","11.332","","","","3"
"2015-09","Montréal, Quebec","2011S0503462","Total units","Units","300","thousands","3","v52299974","8.1","39.426","","","","3"
"2015-09","Montréal, Quebec","2011S0503462","Single-detached units","Units","300","thousands","3","v52299975","8.2","2.299","","","","3"
"2015-09","Montréal, Quebec","2011S0503462","Multiples","Units","300","thousands","3","v52299976","8.3","37.127","","","","3"
"2015-10","Montréal, Quebec","2011S0503462","Total units","Units","300","thousands","3","v52299974","8.1","22.104","","","","3"
"2015-10","Montréal, Quebec","2011S0503462","Single-detached units","Units","300","thousands","3","v52299975","8.2","2.360","","","","3"
"2015-10","Montréal, Quebec","2011S0503462","Multiples","Units","300","thousands","3","v52299976","8.3","19.744","","","","3"
"2015-11","Montréal, Quebec","2011S0503462","Total units","Units","300","thousands","3","v52299974","8.1","18.912","","","","3"
"2015-11","Montréal, Quebec","2011S0503462","Single-detached units","Units","300","thousands","3","v52299975","8.2","2.532","","","","3"
"2015-11","Montréal, Quebec","2011S0503462","Multiples","Units","300","thousands","3","v52299976","8.3","16.380","","","","3"
"2015-12","Montréal, Quebec","2011S0503462","Total units","Units","300","thousands","3","v52299974","8.1","24.151","","","","3"
"2015-12","Montréal, Quebec","2011S0503462","Single-detached units","Units","300","thousands","3","v52299975","8.2","2.534","","","","3"
"2015-12","Montréal, Quebec","2011S0503462","Multiples","Units","300","thousands","3","v52299976","8.3","21.617","","","","3"
"2016-01","Montréal, Quebec","2011S0503462","Total units","Units","300","thousands","3","v52299974","8.1","12.716","","","","3"
"2016-01","Montréal, Quebec","2011S0503462","Single-detached units","Units","300","thousands","3","v52299975","8.2","2.266","","","","3"
"2016-01","Montréal, Quebec","2011S0503462","Multiples","Units","300","thousands","3","v52299976","8.3","10.450","","","","3"
"2016-02","Montréal, Quebec","2011S0503462","Total units","Units","300","thousands","3","v52299974","8.1","15.151","","","","3"
"2016-02","Montréal, Quebec","2011S0503462","Single-detached units","Units","300","thousands","3","v52299975","8.2","1.843","","","","3"
"2016-02","Montréal, Quebec","2011S0503462","Multiples","Units","300","thousands","3","v52299976","8.3","13.308","","","","3"
"2016-03","Montréal, Quebec","2011S0503462","Total units","Units","300","thousands","3","v52299974","8.1","10.551","","","","3"
"2016-03","Montréal, Quebec","2011S0503462","Single-detached units","Units","300","thousands","3","v52299975","8.2","2.572","","","","3"
"2016-03","Montréal, Quebec","2011S0503462","Multiples","Units","300","thousands","3","v52299976","8.3","7.979","","","","3"
"2016-04","Montréal, Quebec","2011S0503462","Total units","Units","300","thousands","3","v52299974","8.1","12.662","","","","3"
"2016-04","Montréal, Quebec","2011S0503462","Single-detached units","Units","300","thousands","3","v52299975","8.2","2.497","","","","3"
"2016-04","Montréal, Quebec","2011S0503462","Multiples","Units","300","thousands","3","v52299976","8.3","10.165","","","","3"
"2016-05","Montréal, Quebec","2011S0503462","Total units","Units","300","thousands","3","v52299974","8.1","22.760","","","","3"
"2016-05","Montréal, Quebec","2011S0503462","Single-detached units","Units","300","thousands","3","v52299975","8.2","2.548","","","","3"
"2016-05","Montréal, Quebec","2011S0503462","Multiples","Units","300","thousands","3","v52299976","8.3","20.212","","","","3"
"2016-06","Montréal, Quebec","2011S0503462","Total units","Units","300","thousands","3","v52299974","8.1","16.637","","","","3"
"2016-06","Montréal, Quebec","2011S0503462","Single-detached units","Units","300","thousands","3","v52299975","8.2","2.711","","","","3"
"2016-06","Montréal, Quebec","2011S0503462","Multiples","Units","300","thousands","3","v52299976","8.3","13.926","","","","3"
"2016-07","Montréal, Quebec","2011S0503462","Total units","Units","300","thousands","3","v52299974","8.1","15.367","","","","3"
"2016-07","Montréal, Quebec","2011S0503462","Single-detached units","Units","300","thousands","3","v52299975","8.2","2.398","","","","3"
"2016-07","Montréal, Quebec","2011S0503462","Multiples","Units","300","thousands","3","v52299976","8.3","12.969","","","","3"
"2016-08","Montréal, Quebec","2011S0503462","Total units","Units","300","thousands","3","v52299974","8.1","18.143","","","","3"
"2016-08","Montréal, Quebec","2011S0503462","Single-detached units","Units","300","thousands","3","v52299975","8.2","1.938","","","","3"
"2016-08","Montréal, Quebec","2011S0503462","Multiples","Units","300","thousands","3","v52299976","8.3","16.205","","","","3"
"2016-09","Montréal, Quebec","2011S0503462","Total units","Units","300","thousands","3","v52299974","8.1","34.779","","","","3"
"2016-09","Montréal, Quebec","2011S0503462","Single-detached units","Units","300","thousands","3","v52299975","8.2","2.613","","","","3"
"2016-09","Montréal, Quebec","2011S0503462","Multiples","Units","300","thousands","3","v52299976","8.3","32.166","","","","3"
"2016-10","Montréal, Quebec","2011S0503462","Total units","Units","300","thousands","3","v52299974","8.1","15.107","","","","3"
"2016-10","Montréal, Quebec","2011S0503462","Single-detached units","Units","300","thousands","3","v52299975","8.2","2.781","","","","3"
"2016-10","Montréal, Quebec","2011S0503462","Multiples","Units","300","thousands","3","v52299976","8.3","12.326","","","","3"
"2016-11","Montréal, Quebec","2011S0503462","Total units","Units","300","thousands","3","v52299974","8.1","16.526","","","","3"
"2016-11","Montréal, Quebec","2011S0503462","Single-detached units","Units","300","thousands","3","v52299975","8.2","2.382","","","","3"
"2016-11","Montréal, Quebec","2011S0503462","Multiples","Units","300","thousands","3","v52299976","8.3","14.144","","","","3"
"2016-12","Montréal, Quebec","2011S0503462","Total units","Units","300","thousands","3","v52299974","8.1","22.758","","","","3"
"2016-12","Montréal, Quebec","2011S0503462","Single-detached units","Units","300","thousands","3","v52299975","8.2","2.656","","","","3"
"2016-12","Montréal, Quebec","2011S0503462","Multiples","Units","300","thousands","3","v52299976","8.3","20.102","","","","3"
"2017-01","Montréal, Quebec","2011S0503462","Total units","Units","300","thousands","3","v52299974","8.1","12.097","","","","3"
"2017-01","Montréal, Quebec","2011S0503462","Single-detached units","Units","300","thousands","3","v52299975","8.2","2.307","","","","3"
"2017-01","Montréal, Quebec","2011S0503462","Multiples","Units","300","thousands","3","v52299976","8.3","9.790","","","","3"
"2017-02","Montréal, Quebec","2011S0503462","Total units","Units","300","thousands","3","v52299974","8.1","22.048","","","","3"
"2017-02","Montréal, Quebec","2011S0503462","Single-detached units","Units","300","thousands","3","v52299975","8.2","2.947","","","","3"
"2017-02","Montréal, Quebec","2011S0503462","Multiples","Units","300","thousands","3","v52299976","8.3","19.101","","","","3"
"2017-03","Montréal, Quebec","2011S0503462","Total units","Units","300","thousands","3","v52299974","8.1","27.133","","","","3"
"2017-03","Montréal, Quebec","2011S0503462","Single-detached units","Units","300","thousands","3","v52299975","8.2","2.669","","","","3"
"2017-03","Montréal, Quebec","2011S0503462","Multiples","Units","300","thousands","3","v52299976","8.3","24.464","","","","3"
"2017-04","Montréal, Quebec","2011S0503462","Total units","Units","300","thousands","3","v52299974","8.1","20.150","","","","3"
"2017-04","Montréal, Quebec","2011S0503462","Single-detached units","Units","300","thousands","3","v52299975","8.2","2.847","","","","3"
"2017-04","Montréal, Quebec","2011S0503462","Multiples","Units","300","thousands","3","v52299976","8.3","17.303","","","","3"
"2017-05","Montréal, Quebec","2011S0503462","Total units","Units","300","thousands","3","v52299974","8.1","21.040","","","","3"
"2017-05","Montréal, Quebec","2011S0503462","Single-detached units","Units","300","thousands","3","v52299975","8.2","2.719","","","","3"
"2017-05","Montréal, Quebec","2011S0503462","Multiples","Units","300","thousands","3","v52299976","8.3","18.321","","","","3"
"2017-06","Montréal, Quebec","2011S0503462","Total units","Units","300","thousands","3","v52299974","8.1","15.944","","","","3"
"2017-06","Montréal, Quebec","2011S0503462","Single-detached units","Units","300","thousands","3","v52299975","8.2","2.656","","","","3"
"2017-06","Montréal, Quebec","2011S0503462","Multiples","Units","300","thousands","3","v52299976","8.3","13.288","","","","3"
"2017-07","Montréal, Quebec","2011S0503462","Total units","Units","300","thousands","3","v52299974","8.1","21.408","","","","3"
"2017-07","Montréal, Quebec","2011S0503462","Single-detached units","Units","300","thousands","3","v52299975","8.2","2.800","","","","3"
"2017-07","Montréal, Quebec","2011S0503462","Multiples","Units","300","thousands","3","v52299976","8.3","18.608","","","","3"
"2017-08","Montréal, Quebec","2011S0503462","Total units","Units","300","thousands","3","v52299974","8.1","14.697","","","","3"
"2017-08","Montréal, Quebec","2011S0503462","Single-detached units","Units","300","thousands","3","v52299975","8.2","2.656","","","","3"
"2017-08","Montréal, Quebec","2011S0503462","Multiples","Units","300","thousands","3","v52299976","8.3","12.041","","","","3"
"2017-09","Montréal, Quebec","2011S0503462","Total units","Units","300","thousands","3","v52299974","8.1","35.325","","","","3"
"2017-09","Montréal, Quebec","2011S0503462","Single-detached units","Units","300","thousands","3","v52299975","8.2","2.979","","","","3"
"2017-09","Montréal, Quebec","2011S0503462","Multiples","Units","300","thousands","3","v52299976","8.3","32.346","","","","3"
"2017-10","Montréal, Quebec","2011S0503462","Total units","Units","300","thousands","3","v52299974","8.1","40.819","","","","3"
"2017-10","Montréal, Quebec","2011S0503462","Single-detached units","Units","300","thousands","3","v52299975","8.2","2.739","","","","3"
"2017-10","Montréal, Quebec","2011S0503462","Multiples","Units","300","thousands","3","v52299976","8.3","38.080","","","","3"
"2017-11","Montréal, Quebec","2011S0503462","Total units","Units","300","thousands","3","v52299974","8.1","25.530","","","","3"
"2017-11","Montréal, Quebec","2011S0503462","Single-detached units","Units","300","thousands","3","v52299975","8.2","2.627","","","","3"
"2017-11","Montréal, Quebec","2011S0503462","Multiples","Units","300","thousands","3","v52299976","8.3","22.903","","","","3"
"2017-12","Montréal, Quebec","2011S0503462","Total units","Units","300","thousands","3","v52299974","8.1","40.488","","","","3"
"2017-12","Montréal, Quebec","2011S0503462","Single-detached units","Units","300","thousands","3","v52299975","8.2","2.918","","","","3"
"2017-12","Montréal, Quebec","2011S0503462","Multiples","Units","300","thousands","3","v52299976","8.3","37.570","","","","3"
"2018-01","Montréal, Quebec","2011S0503462","Total units","Units","300","thousands","3","v52299974","8.1","12.185","","","","3"
"2018-01","Montréal, Quebec","2011S0503462","Single-detached units","Units","300","thousands","3","v52299975","8.2","2.471","","","","3"
"2018-01","Montréal, Quebec","2011S0503462","Multiples","Units","300","thousands","3","v52299976","8.3","9.714","","","","3"
"2018-02","Montréal, Quebec","2011S0503462","Total units","Units","300","thousands","3","v52299974","8.1","27.199","","","","3"
"2018-02","Montréal, Quebec","2011S0503462","Single-detached units","Units","300","thousands","3","v52299975","8.2","2.708","","","","3"
"2018-02","Montréal, Quebec","2011S0503462","Multiples","Units","300","thousands","3","v52299976","8.3","24.491","","","","3"
"2018-03","Montréal, Quebec","2011S0503462","Total units","Units","300","thousands","3","v52299974","8.1","20.486","","","","3"
"2018-03","Montréal, Quebec","2011S0503462","Single-detached units","Units","300","thousands","3","v52299975","8.2","2.598","","","","3"
"2018-03","Montréal, Quebec","2011S0503462","Multiples","Units","300","thousands","3","v52299976","8.3","17.888","","","","3"
"2018-04","Montréal, Quebec","2011S0503462","Total units","Units","300","thousands","3","v52299974","8.1","32.828","","","","3"
"2018-04","Montréal, Quebec","2011S0503462","Single-detached units","Units","300","thousands","3","v52299975","8.2","2.469","","","","3"
"2018-04","Montréal, Quebec","2011S0503462","Multiples","Units","300","thousands","3","v52299976","8.3","30.359","","","","3"
"2018-05","Montréal, Quebec","2011S0503462","Total units","Units","300","thousands","3","v52299974","8.1","20.519","","","","3"
"2018-05","Montréal, Quebec","2011S0503462","Single-detached units","Units","300","thousands","3","v52299975","8.2","2.869","","","","3"
"2018-05","Montréal, Quebec","2011S0503462","Multiples","Units","300","thousands","3","v52299976","8.3","17.650","","","","3"
"2018-06","Montréal, Quebec","2011S0503462","Total units","Units","300","thousands","3","v52299974","8.1","32.504","","","","3"
"2018-06","Montréal, Quebec","2011S0503462","Single-detached units","Units","300","thousands","3","v52299975","8.2","2.867","","","","3"
"2018-06","Montréal, Quebec","2011S0503462","Multiples","Units","300","thousands","3","v52299976","8.3","29.637","","","","3"
"2018-07","Montréal, Quebec","2011S0503462","Total units","Units","300","thousands","3","v52299974","8.1","17.900","","","","3"
"2018-07","Montréal, Quebec","2011S0503462","Single-detached units","Units","300","thousands","3","v52299975","8.2","2.502","","","","3"
"2018-07","Montréal, Quebec","2011S0503462","Multiples","Units","300","thousands","3","v52299976","8.3","15.398","","","","3"
"2018-08","Montréal, Quebec","2011S0503462","Total units","Units","300","thousands","3","v52299974","8.1","12.040","","","","3"
"2018-08","Montréal, Quebec","2011S0503462","Single-detached units","Units","300","thousands","3","v52299975","8.2","1.831","","","","3"
"2018-08","Montréal, Quebec","2011S0503462","Multiples","Units","300","thousands","3","v52299976","8.3","10.209","","","","3"
"2018-09","Montréal, Quebec","2011S0503462","Total units","Units","300","thousands","3","v52299974","8.1","27.062","","","","3"
"2018-09","Montréal, Quebec","2011S0503462","Single-detached units","Units","300","thousands","3","v52299975","8.2","2.692","","","","3"
"2018-09","Montréal, Quebec","2011S0503462","Multiples","Units","300","thousands","3","v52299976","8.3","24.370","","","","3"
"2018-10","Montréal, Quebec","2011S0503462","Total units","Units","300","thousands","3","v52299974","8.1","33.166","","","","3"
"2018-10","Montréal, Quebec","2011S0503462","Single-detached units","Units","300","thousands","3","v52299975","8.2","2.291","","","","3"
"2018-10","Montréal, Quebec","2011S0503462","Multiples","Units","300","thousands","3","v52299976","8.3","30.875","","","","3"
"2018-11","Montréal, Quebec","2011S0503462","Total units","Units","300","thousands","3","v52299974","8.1","28.744","","","","3"
"2018-11","Montréal, Quebec","2011S0503462","Single-detached units","Units","300","thousands","3","v52299975","8.2","2.609","","","","3"
"2018-11","Montréal, Quebec","2011S0503462","Multiples","Units","300","thousands","3","v52299976","8.3","26.135","","","","3"
"2018-12","Montréal, Quebec","2011S0503462","Total units","Units","300","thousands","3","v52299974","8.1","35.040","","","","3"
"2018-12","Montréal, Quebec","2011S0503462","Single-detached units","Units","300","thousands","3","v52299975","8.2","2.338","","","","3"
"2018-12","Montréal, Quebec","2011S0503462","Multiples","Units","300","thousands","3","v52299976","8.3","32.702","","","","3"
"2019-01","Montréal, Quebec","2011S0503462","Total units","Units","300","thousands","3","v52299974","8.1","19.342","","","","3"
"2019-01","Montréal, Quebec","2011S0503462","Single-detached units","Units","300","thousands","3","v52299975","8.2","2.109","","","","3"
"2019-01","Montréal, Quebec","2011S0503462","Multiples","Units","300","thousands","3","v52299976","8.3","17.233","","","","3"
"2019-02","Montréal, Quebec","2011S0503462","Total units","Units","300","thousands","3","v52299974","8.1","14.945","","","","3"
"2019-02","Montréal, Quebec","2011S0503462","Single-detached units","Units","300","thousands","3","v52299975","8.2","2.145","","","","3"
"2019-02","Montréal, Quebec","2011S0503462","Multiples","Units","300","thousands","3","v52299976","8.3","12.800","","","","3"
"2019-03","Montréal, Quebec","2011S0503462","Total units","Units","300","thousands","3","v52299974","8.1","31.503","","","","3"
"2019-03","Montréal, Quebec","2011S0503462","Single-detached units","Units","300","thousands","3","v52299975","8.2","2.406","","","","3"
"2019-03","Montréal, Quebec","2011S0503462","Multiples","Units","300","thousands","3","v52299976","8.3","29.097","","","","3"
"2019-04","Montréal, Quebec","2011S0503462","Total units","Units","300","thousands","3","v52299974","8.1","29.190","","","","3"
"2019-04","Montréal, Quebec","2011S0503462","Single-detached units","Units","300","thousands","3","v52299975","8.2","2.225","","","","3"
"2019-04","Montréal, Quebec","2011S0503462","Multiples","Units","300","thousands","3","v52299976","8.3","26.965","","","","3"
"2019-05","Montréal, Quebec","2011S0503462","Total units","Units","300","thousands","3","v52299974","8.1","25.638","","","","3"
"2019-05","Montréal, Quebec","2011S0503462","Single-detached units","Units","300","thousands","3","v52299975","8.2","2.483","","","","3"
"2019-05","Montréal, Quebec","2011S0503462","Multiples","Units","300","thousands","3","v52299976","8.3","23.155","","","","3"
"2019-06","Montréal, Quebec","2011S0503462","Total units","Units","300","thousands","3","v52299974","8.1","40.304","","","","3"
"2019-06","Montréal, Quebec","2011S0503462","Single-detached units","Units","300","thousands","3","v52299975","8.2","2.429","","","","3"
"2019-06","Montréal, Quebec","2011S0503462","Multiples","Units","300","thousands","3","v52299976","8.3","37.875","","","","3"
"2019-07","Montréal, Quebec","2011S0503462","Total units","Units","300","thousands","3","v52299974","8.1","24.723","","","","3"
"2019-07","Montréal, Quebec","2011S0503462","Single-detached units","Units","300","thousands","3","v52299975","8.2","2.480","","","","3"
"2019-07","Montréal, Quebec","2011S0503462","Multiples","Units","300","thousands","3","v52299976","8.3","22.243","","","","3"
"2019-08","Montréal, Quebec","2011S0503462","Total units","Units","300","thousands","3","v52299974","8.1","25.562","","","","3"
"2019-08","Montréal, Quebec","2011S0503462","Single-detached units","Units","300","thousands","3","v52299975","8.2","2.606","","","","3"
"2019-08","Montréal, Quebec","2011S0503462","Multiples","Units","300","thousands","3","v52299976","8.3","22.956","","","","3"
"2019-09","Montréal, Quebec","2011S0503462","Total units","Units","300","thousands","3","v52299974","8.1","18.648","","","","3"
"2019-09","Montréal, Quebec","2011S0503462","Single-detached units","Units","300","thousands","3","v52299975","8.2","2.089","","","","3"
"2019-09","Montréal, Quebec","2011S0503462","Multiples","Units","300","thousands","3","v52299976","8.3","16.559","","","","3"
"2019-10","Montréal, Quebec","2011S0503462","Total units","Units","300","thousands","3","v52299974","8.1","31.301","","","","3"
"2019-10","Montréal, Quebec","2011S0503462","Single-detached units","Units","300","thousands","3","v52299975","8.2","2.332","","","","3"
"2019-10","Montréal, Quebec","2011S0503462","Multiples","Units","300","thousands","3","v52299976","8.3","28.969","","","","3"
"2019-11","Montréal, Quebec","2011S0503462","Total units","Units","300","thousands","3","v52299974","8.1","20.723","","","","3"
"2019-11","Montréal, Quebec","2011S0503462","Single-detached units","Units","300","thousands","3","v52299975","8.2","2.519","","","","3"
"2019-11","Montréal, Quebec","2011S0503462","Multiples","Units","300","thousands","3","v52299976","8.3","18.204","","","","3"
"2019-12","Montréal, Quebec","2011S0503462","Total units","Units","300","thousands","3","v52299974","8.1","18.992","","","","3"
"2019-12","Montréal, Quebec","2011S0503462","Single-detached units","Units","300","thousands","3","v52299975","8.2","2.404","","","","3"
"2019-12","Montréal, Quebec","2011S0503462","Multiples","Units","300","thousands","3","v52299976","8.3","16.588","","","","3"
"2020-01","Montréal, Quebec","2011S0503462","Total units","Units","300","thousands","3","v52299974","8.1","28.101","","","","3"
"2020-01","Montréal, Quebec","2011S0503462","Single-detached units","Units","300","thousands","3","v52299975","8.2","2.816","","","","3"
"2020-01","Montréal, Quebec","2011S0503462","Multiples","Units","300","thousands","3","v52299976","8.3","25.285","","","","3"
"2020-02","Montréal, Quebec","2011S0503462","Total units","Units","300","thousands","3","v52299974","8.1","19.369","","","","3"
"2020-02","Montréal, Quebec","2011S0503462","Single-detached units","Units","300","thousands","3","v52299975","8.2","2.625","","","","3"
"2020-02","Montréal, Quebec","2011S0503462","Multiples","Units","300","thousands","3","v52299976","8.3","16.744","","","","3"
"2020-03","Montréal, Quebec","2011S0503462","Total units","Units","300","thousands","3","v52299974","8.1","17.894","","","","3"
"2020-03","Montréal, Quebec","2011S0503462","Single-detached units","Units","300","thousands","3","v52299975","8.2","2.102","","","","3"
"2020-03","Montréal, Quebec","2011S0503462","Multiples","Units","300","thousands","3","v52299976","8.3","15.792","","","","3"
"2020-04","Montréal, Quebec","2011S0503462","Total units","Units","300","thousands","3","v52299974","8.1","0.000","","","","3"
"2020-04","Montréal, Quebec","2011S0503462","Single-detached units","Units","300","thousands","3","v52299975","8.2","0.000","","","","3"
"2020-04","Montréal, Quebec","2011S0503462","Multiples","Units","300","thousands","3","v52299976","8.3","0.000","","","","3"
"2020-05","Montréal, Quebec","2011S0503462","Total units","Units","300","thousands","3","v52299974","8.1","33.195","","","","3"
"2020-05","Montréal, Quebec","2011S0503462","Single-detached units","Units","300","thousands","3","v52299975","8.2","3.554","","","","3"
"2020-05","Montréal, Quebec","2011S0503462","Multiples","Units","300","thousands","3","v52299976","8.3","29.641","","","","3"
"2020-06","Montréal, Quebec","2011S0503462","Total units","Units","300","thousands","3","v52299974","8.1","39.487","","","","3"
"2020-06","Montréal, Quebec","2011S0503462","Single-detached units","Units","300","thousands","3","v52299975","8.2","2.394","","","","3"
"2020-06","Montréal, Quebec","2011S0503462","Multiples","Units","300","thousands","3","v52299976","8.3","37.093","","","","3"
"2020-07","Montréal, Quebec","2011S0503462","Total units","Units","300","thousands","3","v52299974","8.1","35.714","","","","3"
"2020-07","Montréal, Quebec","2011S0503462","Single-detached units","Units","300","thousands","3","v52299975","8.2","2.635","","","","3"
"2020-07","Montréal, Quebec","2011S0503462","Multiples","Units","300","thousands","3","v52299976","8.3","33.079","","","","3"
"2020-08","Montréal, Quebec","2011S0503462","Total units","Units","300","thousands","3","v52299974","8.1","27.110","","","","3"
"2020-08","Montréal, Quebec","2011S0503462","Single-detached units","Units","300","thousands","3","v52299975","8.2","2.619","","","","3"
"2020-08","Montréal, Quebec","2011S0503462","Multiples","Units","300","thousands","3","v52299976","8.3","24.491","","","","3"
"2020-09","Montréal, Quebec","2011S0503462","Total units","Units","300","thousands","3","v52299974","8.1","32.946","","","","3"
"2020-09","Montréal, Quebec","2011S0503462","Single-detached units","Units","300","thousands","3","v52299975","8.2","3.085","","","","3"
"2020-09","Montréal, Quebec","2011S0503462","Multiples","Units","300","thousands","3","v52299976","8.3","29.861","","","","3"
"2020-10","Montréal, Quebec","2011S0503462","Total units","Units","300","thousands","3","v52299974","8.1","24.597","","","","3"
"2020-10","Montréal, Quebec","2011S0503462","Single-detached units","Units","300","thousands","3","v52299975","8.2","3.202","","","","3"
"2020-10","Montréal, Quebec","2011S0503462","Multiples","Units","300","thousands","3","v52299976","8.3","21.395","","","","3"
"2020-11","Montréal, Quebec","2011S0503462","Total units","Units","300","thousands","3","v52299974","8.1","36.382","","","","3"
"2020-11","Montréal, Quebec","2011S0503462","Single-detached units","Units","300","thousands","3","v52299975","8.2","2.817","","","","3"
"2020-11","Montréal, Quebec","2011S0503462","Multiples","Units","300","thousands","3","v52299976","8.3","33.565","","","","3"
"2020-12","Montréal, Quebec","2011S0503462","Total units","Units","300","thousands","3","v52299974","8.1","34.212","","","","3"
"2020-12","Montréal, Quebec","2011S0503462","Single-detached units","Units","300","thousands","3","v52299975","8.2","2.656","","","","3"
"2020-12","Montréal, Quebec","2011S0503462","Multiples","Units","300","thousands","3","v52299976","8.3","31.556","","","","3"
"2021-01","Montréal, Quebec","2011S0503462","Total units","Units","300","thousands","3","v52299974","8.1","35.337","","","","3"
"2021-01","Montréal, Quebec","2011S0503462","Single-detached units","Units","300","thousands","3","v52299975","8.2","6.438","","","","3"
"2021-01","Montréal, Quebec","2011S0503462","Multiples","Units","300","thousands","3","v52299976","8.3","28.899","","","","3"
"2021-02","Montréal, Quebec","2011S0503462","Total units","Units","300","thousands","3","v52299974","8.1","39.209","","","","3"
"2021-02","Montréal, Quebec","2011S0503462","Single-detached units","Units","300","thousands","3","v52299975","8.2","3.007","","","","3"
"2021-02","Montréal, Quebec","2011S0503462","Multiples","Units","300","thousands","3","v52299976","8.3","36.202","","","","3"
"2021-03","Montréal, Quebec","2011S0503462","Total units","Units","300","thousands","3","v52299974","8.1","30.663","","","","3"
"2021-03","Montréal, Quebec","2011S0503462","Single-detached units","Units","300","thousands","3","v52299975","8.2","4.119","","","","3"
"2021-03","Montréal, Quebec","2011S0503462","Multiples","Units","300","thousands","3","v52299976","8.3","26.544","","","","3"
"2021-04","Montréal, Quebec","2011S0503462","Total units","Units","300","thousands","3","v52299974","8.1","39.340","","","","3"
"2021-04","Montréal, Quebec","2011S0503462","Single-detached units","Units","300","thousands","3","v52299975","8.2","3.475","","","","3"
"2021-04","Montréal, Quebec","2011S0503462","Multiples","Units","300","thousands","3","v52299976","8.3","35.865","","","","3"
"2021-05","Montréal, Quebec","2011S0503462","Total units","Units","300","thousands","3","v52299974","8.1","28.304","","","","3"
"2021-05","Montréal, Quebec","2011S0503462","Single-detached units","Units","300","thousands","3","v52299975","8.2","2.896","","","","3"
"2021-05","Montréal, Quebec","2011S0503462","Multiples","Units","300","thousands","3","v52299976","8.3","25.408","","","","3"
"2021-06","Montréal, Quebec","2011S0503462","Total units","Units","300","thousands","3","v52299974","8.1","38.575","","","","3"
"2021-06","Montréal, Quebec","2011S0503462","Single-detached units","Units","300","thousands","3","v52299975","8.2","2.467","","","","3"
"2021-06","Montréal, Quebec","2011S0503462","Multiples","Units","300","thousands","3","v52299976","8.3","36.108","","","","3"
"2021-07","Montréal, Quebec","2011S0503462","Total units","Units","300","thousands","3","v52299974","8.1","30.511","","","","3"
"2021-07","Montréal, Quebec","2011S0503462","Single-detached units","Units","300","thousands","3","v52299975","8.2","2.728","","","","3"
"2021-07","Montréal, Quebec","2011S0503462","Multiples","Units","300","thousands","3","v52299976","8.3","27.783","","","","3"
"2021-08","Montréal, Quebec","2011S0503462","Total units","Units","300","thousands","3","v52299974","8.1","27.252","","","","3"
"2021-08","Montréal, Quebec","2011S0503462","Single-detached units","Units","300","thousands","3","v52299975","8.2","2.439","","","","3"
"2021-08","Montréal, Quebec","2011S0503462","Multiples","Units","300","thousands","3","v52299976","8.3","24.813","","","","3"
"2021-09","Montréal, Quebec","2011S0503462","Total units","Units","300","thousands","3","v52299974","8.1","34.124","","","","3"
"2021-09","Montréal, Quebec","2011S0503462","Single-detached units","Units","300","thousands","3","v52299975","8.2","2.565","","","","3"
"2021-09","Montréal, Quebec","2011S0503462","Multiples","Units","300","thousands","3","v52299976","8.3","31.559","","","","3"
"2021-10","Montréal, Quebec","2011S0503462","Total units","Units","300","thousands","3","v52299974","8.1","27.951","","","","3"
"2021-10","Montréal, Quebec","2011S0503462","Single-detached units","Units","300","thousands","3","v52299975","8.2","2.467","","","","3"
"2021-10","Montréal, Quebec","2011S0503462","Multiples","Units","300","thousands","3","v52299976","8.3","25.484","","","","3"
"2021-11","Montréal, Quebec","2011S0503462","Total units","Units","300","thousands","3","v52299974","8.1","36.392","","","","3"
"2021-11","Montréal, Quebec","2011S0503462","Single-detached units","Units","300","thousands","3","v52299975","8.2","2.507","","","","3"
"2021-11","Montréal, Quebec","2011S0503462","Multiples","Units","300","thousands","3","v52299976","8.3","33.885","","","","3"
"2021-12","Montréal, Quebec","2011S0503462","Total units","Units","300","thousands","3","v52299974","8.1","23.257","","","","3"
"2021-12","Montréal, Quebec","2011S0503462","Single-detached units","Units","300","thousands","3","v52299975","8.2","2.004","","","","3"
"2021-12","Montréal, Quebec","2011S0503462","Multiples","Units","300","thousands","3","v52299976","8.3","21.253","","","","3"
"2022-01","Montréal, Quebec","2011S0503462","Total units","Units","300","thousands","3","v52299974","8.1","25.944","","","","3"
"2022-01","Montréal, Quebec","2011S0503462","Single-detached units","Units","300","thousands","3","v52299975","8.2","2.228","","","","3"
"2022-01","Montréal, Quebec","2011S0503462","Multiples","Units","300","thousands","3","v52299976","8.3","23.716","","","","3"
"2022-02","Montréal, Quebec","2011S0503462","Total units","Units","300","thousands","3","v52299974","8.1","16.016","","","","3"
"2022-02","Montréal, Quebec","2011S0503462","Single-detached units","Units","300","thousands","3","v52299975","8.2","2.277","","","","3"
"2022-02","Montréal, Quebec","2011S0503462","Multiples","Units","300","thousands","3","v52299976","8.3","13.739","","","","3"
"2022-03","Montréal, Quebec","2011S0503462","Total units","Units","300","thousands","3","v52299974","8.1","23.339","","","","3"
"2022-03","Montréal, Quebec","2011S0503462","Single-detached units","Units","300","thousands","3","v52299975","8.2","2.330","","","","3"
"2022-03","Montréal, Quebec","2011S0503462","Multiples","Units","300","thousands","3","v52299976","8.3","21.009","","","","3"
"2022-04","Montréal, Quebec","2011S0503462","Total units","Units","300","thousands","3","v52299974","8.1","34.302","","","","3"
"2022-04","Montréal, Quebec","2011S0503462","Single-detached units","Units","300","thousands","3","v52299975","8.2","2.279","","","","3"
"2022-04","Montréal, Quebec","2011S0503462","Multiples","Units","300","thousands","3","v52299976","8.3","32.023","","","","3"
"2022-05","Montréal, Quebec","2011S0503462","Total units","Units","300","thousands","3","v52299974","8.1","34.675","","","","3"
"2022-05","Montréal, Quebec","2011S0503462","Single-detached units","Units","300","thousands","3","v52299975","8.2","2.068","","","","3"
"2022-05","Montréal, Quebec","2011S0503462","Multiples","Units","300","thousands","3","v52299976","8.3","32.607","","","","3"
"2022-06","Montréal, Quebec","2011S0503462","Total units","Units","300","thousands","3","v52299974","8.1","35.941","","","","3"
"2022-06","Montréal, Quebec","2011S0503462","Single-detached units","Units","300","thousands","3","v52299975","8.2","2.205","","","","3"
"2022-06","Montréal, Quebec","2011S0503462","Multiples","Units","300","thousands","3","v52299976","8.3","33.736","","","","3"
"2022-07","Montréal, Quebec","2011S0503462","Total units","Units","300","thousands","3","v52299974","8.1","24.825","","","","3"
"2022-07","Montréal, Quebec","2011S0503462","Single-detached units","Units","300","thousands","3","v52299975","8.2","1.699","","","","3"
"2022-07","Montréal, Quebec","2011S0503462","Multiples","Units","300","thousands","3","v52299976","8.3","23.126","","","","3"
"2022-08","Montréal, Quebec","2011S0503462","Total units","Units","300","thousands","3","v52299974","8.1","17.159","","","","3"
"2022-08","Montréal, Quebec","2011S0503462","Single-detached units","Units","300","thousands","3","v52299975","8.2","1.793","","","","3"
"2022-08","Montréal, Quebec","2011S0503462","Multiples","Units","300","thousands","3","v52299976","8.3","15.366","","","","3"
"2022-09","Montréal, Quebec","2011S0503462","Total units","Units","300","thousands","3","v52299974","8.1","24.814","","","","3"
"2022-09","Montréal, Quebec","2011S0503462","Single-detached units","Units","300","thousands","3","v52299975","8.2","1.473","","","","3"
"2022-09","Montréal, Quebec","2011S0503462","Multiples","Units","300","thousands","3","v52299976","8.3","23.341","","","","3"
"2022-10","Montréal, Quebec","2011S0503462","Total units","Units","300","thousands","3","v52299974","8.1","29.209","","","","3"
"2022-10","Montréal, Quebec","2011S0503462","Single-detached units","Units","300","thousands","3","v52299975","8.2","1.354","","","","3"
"2022-10","Montréal, Quebec","2011S0503462","Multiples","Units","300","thousands","3","v52299976","8.3","27.855","","","","3"
"2022-11","Montréal, Quebec","2011S0503462","Total units","Units","300","thousands","3","v52299974","8.1","11.682","","","","3"
"2022-11","Montréal, Quebec","2011S0503462","Single-detached units","Units","300","thousands","3","v52299975","8.2","1.305","","","","3"
"2022-11","Montréal, Quebec","2011S0503462","Multiples","Units","300","thousands","3","v52299976","8.3","10.377","","","","3"
"2022-12","Montréal, Quebec","2011S0503462","Total units","Units","300","thousands","3","v52299974","8.1","12.457","","","","3"
"2022-12","Montréal, Quebec","2011S0503462","Single-detached units","Units","300","thousands","3","v52299975","8.2","1.243","","","","3"
"2022-12","Montréal, Quebec","2011S0503462","Multiples","Units","300","thousands","3","v52299976","8.3","11.214","","","","3"
"2023-01","Montréal, Quebec","2011S0503462","Total units","Units","300","thousands","3","v52299974","8.1","16.165","","","","3"
"2023-01","Montréal, Quebec","2011S0503462","Single-detached units","Units","300","thousands","3","v52299975","8.2","1.336","","","","3"
"2023-01","Montréal, Quebec","2011S0503462","Multiples","Units","300","thousands","3","v52299976","8.3","14.829","","","","3"
"2023-02","Montréal, Quebec","2011S0503462","Total units","Units","300","thousands","3","v52299974","8.1","11.583","","","","3"
"2023-02","Montréal, Quebec","2011S0503462","Single-detached units","Units","300","thousands","3","v52299975","8.2","1.092","","","","3"
"2023-02","Montréal, Quebec","2011S0503462","Multiples","Units","300","thousands","3","v52299976","8.3","10.491","","","","3"
"2023-03","Montréal, Quebec","2011S0503462","Total units","Units","300","thousands","3","v52299974","8.1","10.063","","","","3"
"2023-03","Montréal, Quebec","2011S0503462","Single-detached units","Units","300","thousands","3","v52299975","8.2","0.970","","","","3"
"2023-03","Montréal, Quebec","2011S0503462","Multiples","Units","300","thousands","3","v52299976","8.3","9.093","","","","3"
"2023-04","Montréal, Quebec","2011S0503462","Total units","Units","300","thousands","3","v52299974","8.1","14.118","","","","3"
"2023-04","Montréal, Quebec","2011S0503462","Single-detached units","Units","300","thousands","3","v52299975","8.2","0.812","","","","3"
"2023-04","Montréal, Quebec","2011S0503462","Multiples","Units","300","thousands","3","v52299976","8.3","13.306","","","","3"
"2023-05","Montréal, Quebec","2011S0503462","Total units","Units","300","thousands","3","v52299974","8.1","9.277","","","","3"
"2023-05","Montréal, Quebec","2011S0503462","Single-detached units","Units","300","thousands","3","v52299975","8.2","0.906","","","","3"
"2023-05","Montréal, Quebec","2011S0503462","Multiples","Units","300","thousands","3","v52299976","8.3","8.371","","","","3"
"2023-06","Montréal, Quebec","2011S0503462","Total units","Units","300","thousands","3","v52299974","8.1","10.108","","","","3"
"2023-06","Montréal, Quebec","2011S0503462","Single-detached units","Units","300","thousands","3","v52299975","8.2","1.076","","","","3"
"2023-06","Montréal, Quebec","2011S0503462","Multiples","Units","300","thousands","3","v52299976","8.3","9.032","","","","3"
"2023-07","Montréal, Quebec","2011S0503462","Total units","Units","300","thousands","3","v52299974","8.1","11.322","","","","3"
"2023-07","Montréal, Quebec","2011S0503462","Single-detached units","Units","300","thousands","3","v52299975","8.2","1.179","","","","3"
"2023-07","Montréal, Quebec","2011S0503462","Multiples","Units","300","thousands","3","v52299976","8.3","10.143","","","","3"
"2023-08","Montréal, Quebec","2011S0503462","Total units","Units","300","thousands","3","v52299974","8.1","16.342","","","","3"
"2023-08","Montréal, Quebec","2011S0503462","Single-detached units","Units","300","thousands","3","v52299975","8.2","0.987","","","","3"
"2023-08","Montréal, Quebec","2011S0503462","Multiples","Units","300","thousands","3","v52299976","8.3","15.355","","","","3"
"2023-09","Montréal, Quebec","2011S0503462","Total units","Units","300","thousands","3","v52299974","8.1","31.769","","","","3"
"2023-09","Montréal, Quebec","2011S0503462","Single-detached units","Units","300","thousands","3","v52299975","8.2","1.018","","","","3"
"2023-09","Montréal, Quebec","2011S0503462","Multiples","Units","300","thousands","3","v52299976","8.3","30.751","","","","3"
"2023-10","Montréal, Quebec","2011S0503462","Total units","Units","300","thousands","3","v52299974","8.1","18.213","","","","3"
"2023-10","Montréal, Quebec","2011S0503462","Single-detached units","Units","300","thousands","3","v52299975","8.2","1.083","","","","3"
"2023-10","Montréal, Quebec","2011S0503462","Multiples","Units","300","thousands","3","v52299976","8.3","17.130","","","","3"
"2023-11","Montréal, Quebec","2011S0503462","Total units","Units","300","thousands","3","v52299974","8.1","12.775","","","","3"
"2023-11","Montréal, Quebec","2011S0503462","Single-detached units","Units","300","thousands","3","v52299975","8.2","1.020","","","","3"
"2023-11","Montréal, Quebec","2011S0503462","Multiples","Units","300","thousands","3","v52299976","8.3","11.755","","","","3"
"2023-12","Montréal, Quebec","2011S0503462","Total units","Units","300","thousands","3","v52299974","8.1","21.382","","","","3"
"2023-12","Montréal, Quebec","2011S0503462","Single-detached units","Units","300","thousands","3","v52299975","8.2","0.853","","","","3"
"2023-12","Montréal, Quebec","2011S0503462","Multiples","Units","300","thousands","3","v52299976","8.3","20.529","","","","3"
"2024-01","Montréal, Quebec","2011S0503462","Total units","Units","300","thousands","3","v52299974","8.1","14.975","","","","3"
"2024-01","Montréal, Quebec","2011S0503462","Single-detached units","Units","300","thousands","3","v52299975","8.2","1.163","","","","3"
"2024-01","Montréal, Quebec","2011S0503462","Multiples","Units","300","thousands","3","v52299976","8.3","13.812","","","","3"
"2024-02","Montréal, Quebec","2011S0503462","Total units","Units","300","thousands","3","v52299974","8.1","10.438","","","","3"
"2024-02","Montréal, Quebec","2011S0503462","Single-detached units","Units","300","thousands","3","v52299975","8.2","1.089","","","","3"
"2024-02","Montréal, Quebec","2011S0503462","Multiples","Units","300","thousands","3","v52299976","8.3","9.349","","","","3"
"2024-03","Montréal, Quebec","2011S0503462","Total units","Units","300","thousands","3","v52299974","8.1","9.994","","","","3"
"2024-03","Montréal, Quebec","2011S0503462","Single-detached units","Units","300","thousands","3","v52299975","8.2","1.102","","","","3"
"2024-03","Montréal, Quebec","2011S0503462","Multiples","Units","300","thousands","3","v52299976","8.3","8.892","","","","3"
"2024-04","Montréal, Quebec","2011S0503462","Total units","Units","300","thousands","3","v52299974","8.1","13.763","","","","3"
"2024-04","Montréal, Quebec","2011S0503462","Single-detached units","Units","300","thousands","3","v52299975","8.2","0.697","","","","3"
"2024-04","Montréal, Quebec","2011S0503462","Multiples","Units","300","thousands","3","v52299976","8.3","13.066","","","","3"
"2024-05","Montréal, Quebec","2011S0503462","Total units","Units","300","thousands","3","v52299974","8.1","28.275","","","","3"
"2024-05","Montréal, Quebec","2011S0503462","Single-detached units","Units","300","thousands","3","v52299975","8.2","1.462","","","","3"
"2024-05","Montréal, Quebec","2011S0503462","Multiples","Units","300","thousands","3","v52299976","8.3","26.813","","","","3"
"2024-06","Montréal, Quebec","2011S0503462","Total units","Units","300","thousands","3","v52299974","8.1","34.944","","","","3"
"2024-06","Montréal, Quebec","2011S0503462","Single-detached units","Units","300","thousands","3","v52299975","8.2","0.965","","","","3"
"2024-06","Montréal, Quebec","2011S0503462","Multiples","Units","300","thousands","3","v52299976","8.3","33.979","","","","3"
"2024-07","Montréal, Quebec","2011S0503462","Total units","Units","300","thousands","3","v52299974","8.1","8.815","","","","3"
"2024-07","Montréal, Quebec","2011S0503462","Single-detached units","Units","300","thousands","3","v52299975","8.2","0.967","","","","3"
"2024-07","Montréal, Quebec","2011S0503462","Multiples","Units","300","thousands","3","v52299976","8.3","7.848","","","","3"
"2024-08","Montréal, Quebec","2011S0503462","Total units","Units","300","thousands","3","v52299974","8.1","15.656","","","","3"
"2024-08","Montréal, Quebec","2011S0503462","Single-detached units","Units","300","thousands","3","v52299975","8.2","1.431","","","","3"
"2024-08","Montréal, Quebec","2011S0503462","Multiples","Units","300","thousands","3","v52299976","8.3","14.225","","","","3"
"2024-09","Montréal, Quebec","2011S0503462","Total units","Units","300","thousands","3","v52299974","8.1","13.051","","","","3"
"2024-09","Montréal, Quebec","2011S0503462","Single-detached units","Units","300","thousands","3","v52299975","8.2","1.136","","","","3"
"2024-09","Montréal, Quebec","2011S0503462","Multiples","Units","300","thousands","3","v52299976","8.3","11.915","","","","3"
"2024-10","Montréal, Quebec","2011S0503462","Total units","Units","300","thousands","3","v52299974","8.1","16.428","","","","3"
"2024-10","Montréal, Quebec","2011S0503462","Single-detached units","Units","300","thousands","3","v52299975","8.2","1.155","","","","3"
"2024-10","Montréal, Quebec","2011S0503462","Multiples","Units","300","thousands","3","v52299976","8.3","15.273","","","","3"
"2024-11","Montréal, Quebec","2011S0503462","Total units","Units","300","thousands","3","v52299974","8.1","31.302","","","","3"
"2024-11","Montréal, Quebec","2011S0503462","Single-detached units","Units","300","thousands","3","v52299975","8.2","1.186","","","","3"
"2024-11","Montréal, Quebec","2011S0503462","Multiples","Units","300","thousands","3","v52299976","8.3","30.116","","","","3"
"2024-12","Montréal, Quebec","2011S0503462","Total units","Units","300","thousands","3","v52299974","8.1","13.353","","","","3"
"2024-12","Montréal, Quebec","2011S0503462","Single-detached units","Units","300","thousands","3","v52299975","8.2","1.156","","","","3"
"2024-12","Montréal, Quebec","2011S0503462","Multiples","Units","300","thousands","3","v52299976","8.3","12.197","","","","3"
"2025-01","Montréal, Quebec","2011S0503462","Total units","Units","300","thousands","3","v52299974","8.1","31.117","","","","3"
"2025-01","Montréal, Quebec","2011S0503462","Single-detached units","Units","300","thousands","3","v52299975","8.2","1.805","","","","3"
"2025-01","Montréal, Quebec","2011S0503462","Multiples","Units","300","thousands","3","v52299976","8.3","29.312","","","","3"
"2025-02","Montréal, Quebec","2011S0503462","Total units","Units","300","thousands","3","v52299974","8.1","11.094","","","","3"
"2025-02","Montréal, Quebec","2011S0503462","Single-detached units","Units","300","thousands","3","v52299975","8.2","1.152","","","","3"
"2025-02","Montréal, Quebec","2011S0503462","Multiples","Units","300","thousands","3","v52299976","8.3","9.942","","","","3"
"2025-03","Montréal, Quebec","2011S0503462","Total units","Units","300","thousands","3","v52299974","8.1","23.633","","","","3"
"2025-03","Montréal, Quebec","2011S0503462","Single-detached units","Units","300","thousands","3","v52299975","8.2","0.958","","","","3"
"2025-03","Montréal, Quebec","2011S0503462","Multiples","Units","300","thousands","3","v52299976","8.3","22.675","","","","3"
"2025-04","Montréal, Quebec","2011S0503462","Total units","Units","300","thousands","3","v52299974","8.1","22.884","","","","3"
"2025-04","Montréal, Quebec","2011S0503462","Single-detached units","Units","300","thousands","3","v52299975","8.2","1.303","","","","3"
"2025-04","Montréal, Quebec","2011S0503462","Multiples","Units","300","thousands","3","v52299976","8.3","21.581","","","","3"
"2025-05","Montréal, Quebec","2011S0503462","Total units","Units","300","thousands","3","v52299974","8.1","31.620","","","","3"
"2025-05","Montréal, Quebec","2011S0503462","Single-detached units","Units","300","thousands","3","v52299975","8.2","1.243","","","","3"
"2025-05","Montréal, Quebec","2011S0503462","Multiples","Units","300","thousands","3","v52299976","8.3","30.377","","","","3"
"2025-06","Montréal, Quebec","2011S0503462","Total units","Units","300","thousands","3","v52299974","8.1","32.021","","","","3"
"2025-06","Montréal, Quebec","2011S0503462","Single-detached units","Units","300","thousands","3","v52299975","8.2","1.183","","","","3"
"2025-06","Montréal, Quebec","2011S0503462","Multiples","Units","300","thousands","3","v52299976","8.3","30.838","","","","3"
"2025-07","Montréal, Quebec","2011S0503462","Total units","Units","300","thousands","3","v52299974","8.1","28.216","","","","3"
"2025-07","Montréal, Quebec","2011S0503462","Single-detached units","Units","300","thousands","3","v52299975","8.2","1.314","","","","3"
"2025-07","Montréal, Quebec","2011S0503462","Multiples","Units","300","thousands","3","v52299976","8.3","26.902","","","","3"
"2025-08","Montréal, Quebec","2011S0503462","Total units","Units","300","thousands","3","v52299974","8.1","20.378","","","","3"
"2025-08","Montréal, Quebec","2011S0503462","Single-detached units","Units","300","thousands","3","v52299975","8.2","1.292","","","","3"
"2025-08","Montréal, Quebec","2011S0503462","Multiples","Units","300","thousands","3","v52299976","8.3","19.086","","","","3"
"2025-09","Montréal, Quebec","2011S0503462","Total units","Units","300","thousands","3","v52299974","8.1","30.947","","","","3"
"2025-09","Montréal, Quebec","2011S0503462","Single-detached units","Units","300","thousands","3","v52299975","8.2","1.269","","","","3"
"2025-09","Montréal, Quebec","2011S0503462","Multiples","Units","300","thousands","3","v52299976","8.3","29.678","","","","3"
"2025-10","Montréal, Quebec","2011S0503462","Total units","Units","300","thousands","3","v52299974","8.1","33.618","","","","3"
"2025-10","Montréal, Quebec","2011S0503462","Single-detached units","Units","300","thousands","3","v52299975","8.2","1.498","","","","3"
"2025-10","Montréal, Quebec","2011S0503462","Multiples","Units","300","thousands","3","v52299976","8.3","32.120","","","","3"
"2025-11","Montréal, Quebec","2011S0503462","Total units","Units","300","thousands","3","v52299974","8.1","39.024","","","","3"
"2025-11","Montréal, Quebec","2011S0503462","Single-detached units","Units","300","thousands","3","v52299975","8.2","1.400","","","","3"
"2025-11","Montréal, Quebec","2011S0503462","Multiples","Units","300","thousands","3","v52299976","8.3","37.624","","","","3"
"2025-12","Montréal, Quebec","2011S0503462","Total units","Units","300","thousands","3","v52299974","8.1","29.058","","","","3"
"2025-12","Montréal, Quebec","2011S0503462","Single-detached units","Units","300","thousands","3","v52299975","8.2","2.013","","","","3"
"2025-12","Montréal, Quebec","2011S0503462","Multiples","Units","300","thousands","3","v52299976","8.3","27.045","","","","3"
"2026-01","Montréal, Quebec","2011S0503462","Total units","Units","300","thousands","3","v52299974","8.1","17.550","","","","3"
"2026-01","Montréal, Quebec","2011S0503462","Single-detached units","Units","300","thousands","3","v52299975","8.2","1.313","","","","3"
"2026-01","Montréal, Quebec","2011S0503462","Multiples","Units","300","thousands","3","v52299976","8.3","16.237","","","","3"
"2026-02","Montréal, Quebec","2011S0503462","Total units","Units","300","thousands","3","v52299974","8.1","12.990","","","","3"
"2026-02","Montréal, Quebec","2011S0503462","Single-detached units","Units","300","thousands","3","v52299975","8.2","1.272","","","","3"
"2026-02","Montréal, Quebec","2011S0503462","Multiples","Units","300","thousands","3","v52299976","8.3","11.718","","","","3"
"2026-03","Montréal, Quebec","2011S0503462","Total units","Units","300","thousands","3","v52299974","8.1","29.662","","","","3"
"2026-03","Montréal, Quebec","2011S0503462","Single-detached units","Units","300","thousands","3","v52299975","8.2","0.977","","","","3"
"2026-03","Montréal, Quebec","2011S0503462","Multiples","Units","300","thousands","3","v52299976","8.3","28.685","","","","3"
"2026-04","Montréal, Quebec","2011S0503462","Total units","Units","300","thousands","3","v52299974","8.1","28.048","","","","3"
"2026-04","Montréal, Quebec","2011S0503462","Single-detached units","Units","300","thousands","3","v52299975","8.2","1.159","","","","3"
"2026-04","Montréal, Quebec","2011S0503462","Multiples","Units","300","thousands","3","v52299976","8.3","26.889","","","","3"
"2026-05","Montréal, Quebec","2011S0503462","Total units","Units","300","thousands","3","v52299974","8.1","37.231","","","","3"
"2026-05","Montréal, Quebec","2011S0503462","Single-detached units","Units","300","thousands","3","v52299975","8.2","1.475","","","","3"
"2026-05","Montréal, Quebec","2011S0503462","Multiples","Units","300","thousands","3","v52299976","8.3","35.756","","","","3"
